true,pred,count
cu,cu,474
cu,l,57
cu,m,49
cu,mcu,374
cu,ml,4
cu,na,0
cu,xcu,9
cu,xls,22
l,cu,163
l,l,5139
l,m,183
l,mcu,47
l,ml,861
l,na,1
l,xcu,10
l,xls,187
m,cu,125
m,l,510
m,m,7313
m,mcu,663
m,ml,854
m,na,0
m,xcu,3
m,xls,19
mcu,cu,126
mcu,l,204
mcu,m,1028
mcu,mcu,2280
mcu,ml,40
mcu,na,0
mcu,xcu,2
mcu,xls,10
ml,cu,51
ml,l,927
ml,m,767
ml,mcu,35
ml,ml,3175
ml,na,0
ml,xcu,0
ml,xls,41
na,cu,0
na,l,0
na,m,0
na,mcu,0
na,ml,0
na,na,172
na,xcu,0
na,xls,0
xcu,cu,39
xcu,l,6
xcu,m,1
xcu,mcu,10
xcu,ml,0
xcu,na,0
xcu,xcu,15
xcu,xls,3
xls,cu,60
xls,l,1364
xls,m,13
xls,mcu,2
xls,ml,49
xls,na,0
xls,xcu,7
xls,xls,458
