is_animated,mean,lo,hi,n_movies,category,collection,status
False,0.0016471708697513533,0.001332634340002981,0.001977334587013775,176,Extreme close-up,Popular,Live-action
True,0.0028508040770263876,0.0023115052508315063,0.0034701466869362014,176,Extreme close-up,Popular,Animated
False,0.04740803113978644,0.043646059763973344,0.051112140883516614,176,Close-up,Popular,Live-action
True,0.03803123130711277,0.03460631289638435,0.04148275507090831,176,Close-up,Popular,Animated
False,0.22265778733332756,0.20858137835889506,0.23805887461881947,176,Medium close-up,Popular,Live-action
True,0.10086580943411558,0.0927830164201828,0.10920461803224936,176,Medium close-up,Popular,Animated
False,0.3789219570270001,0.3656284900342295,0.3925016082415431,176,Medium,Popular,Live-action
True,0.28960167521377866,0.2755232048865479,0.30285710853751485,176,Medium,Popular,Animated
False,0.08688866293997731,0.07986268713924169,0.09436902180138894,176,Medium long,Popular,Live-action
True,0.08681482761708251,0.08118449217516131,0.09212299185785669,176,Medium long,Popular,Animated
False,0.19822795958835415,0.18742122873313746,0.20891557752253365,176,Long,Popular,Live-action
True,0.39817148674741676,0.3795418154671147,0.419237225085161,176,Long,Popular,Animated
False,0.05683321743140184,0.05194984769389629,0.06250972769466563,176,Extreme long,Popular,Live-action
True,0.07445117466682544,0.0686212850172669,0.08157156568867448,176,Extreme long,Popular,Animated
False,0.00741521367040129,0.006062597234615472,0.008882750084522125,176,N/A,Popular,Live-action
True,0.009212990936641928,0.007479215726048123,0.011228228785672995,176,N/A,Popular,Animated
