year,mean,lo,hi,n_movies,aspect_ratio
1921.0,0.0,0.0,0.0,2,1.85:1
1922.0,0.0,0.0,0.0,15,1.85:1
1923.0,0.0,0.0,0.0,18,1.85:1
1924.0,0.0,0.0,0.0,17,1.85:1
1925.0,0.0,0.0,0.0,17,1.85:1
1926.0,0.0,0.0,0.0,29,1.85:1
1927.0,0.0,0.0,0.0,30,1.85:1
1928.0,0.0,0.0,0.0,22,1.85:1
1929.0,0.0,0.0,0.0,38,1.85:1
1930.0,0.0,0.0,0.0,33,1.85:1
1931.0,0.0,0.0,0.0,32,1.85:1
1932.0,0.0,0.0,0.0,31,1.85:1
1933.0,0.0,0.0,0.0,28,1.85:1
1934.0,0.0,0.0,0.0,33,1.85:1
1935.0,0.0,0.0,0.0,32,1.85:1
1936.0,0.0,0.0,0.0,35,1.85:1
1937.0,0.02702702702702703,0.0,0.08108108108108109,37,1.85:1
1938.0,0.0,0.0,0.0,33,1.85:1
1939.0,0.0,0.0,0.0,41,1.85:1
1940.0,0.0,0.0,0.0,34,1.85:1
1941.0,0.0,0.0,0.0,37,1.85:1
1942.0,0.0,0.0,0.0,37,1.85:1
1943.0,0.0,0.0,0.0,38,1.85:1
1944.0,0.0,0.0,0.0,35,1.85:1
1945.0,0.0,0.0,0.0,37,1.85:1
1946.0,0.0,0.0,0.0,35,1.85:1
1947.0,0.0,0.0,0.0,32,1.85:1
1948.0,0.02631578947368421,0.0,0.07894736842105263,38,1.85:1
1949.0,0.0,0.0,0.0,36,1.85:1
1950.0,0.0,0.0,0.0,33,1.85:1
1951.0,0.0,0.0,0.0,36,1.85:1
1952.0,0.0,0.0,0.0,36,1.85:1
1953.0,0.030303030303030304,0.0,0.09090909090909091,33,1.85:1
1954.0,0.1891891891891892,0.08108108108108109,0.32432432432432434,37,1.85:1
1955.0,0.21052631578947367,0.07894736842105263,0.34210526315789475,38,1.85:1
1956.0,0.37142857142857144,0.2,0.5428571428571428,35,1.85:1
1957.0,0.4838709677419355,0.2903225806451613,0.6774193548387096,31,1.85:1
1958.0,0.37142857142857144,0.22857142857142856,0.5428571428571428,35,1.85:1
1959.0,0.45161290322580644,0.2903225806451613,0.6129032258064516,31,1.85:1
1960.0,0.20512820512820512,0.10256410256410256,0.3333333333333333,39,1.85:1
1961.0,0.40625,0.25,0.59375,32,1.85:1
1962.0,0.3902439024390244,0.24390243902439024,0.5365853658536586,41,1.85:1
1963.0,0.358974358974359,0.20512820512820512,0.5128205128205128,39,1.85:1
1964.0,0.5263157894736842,0.3684210526315789,0.6842105263157895,38,1.85:1
1965.0,0.22580645161290322,0.0967741935483871,0.3870967741935484,31,1.85:1
1966.0,0.24324324324324326,0.10810810810810811,0.3783783783783784,37,1.85:1
1967.0,0.34375,0.1875,0.53125,32,1.85:1
1968.0,0.37142857142857144,0.22857142857142856,0.5428571428571428,35,1.85:1
1969.0,0.38461538461538464,0.19230769230769232,0.5769230769230769,26,1.85:1
1970.0,0.3225806451612903,0.16129032258064516,0.4838709677419355,31,1.85:1
1971.0,0.4375,0.25,0.625,32,1.85:1
1972.0,0.5263157894736842,0.3684210526315789,0.6842105263157895,38,1.85:1
1973.0,0.5,0.3333333333333333,0.6388888888888888,36,1.85:1
1974.0,0.5945945945945946,0.43243243243243246,0.7567567567567568,37,1.85:1
1975.0,0.5405405405405406,0.3783783783783784,0.7027027027027027,37,1.85:1
1976.0,0.5945945945945946,0.43243243243243246,0.7567567567567568,37,1.85:1
1977.0,0.625,0.475,0.75,40,1.85:1
1978.0,0.7142857142857143,0.5714285714285714,0.8333333333333334,42,1.85:1
1979.0,0.6857142857142857,0.5428571428571428,0.8285714285714286,35,1.85:1
1980.0,0.8163265306122449,0.7142857142857143,0.9183673469387755,49,1.85:1
1981.0,0.6923076923076923,0.5576923076923077,0.8076923076923077,52,1.85:1
1982.0,0.5526315789473685,0.39473684210526316,0.7105263157894737,38,1.85:1
1983.0,0.7619047619047619,0.6190476190476191,0.8809523809523809,42,1.85:1
1984.0,0.7021276595744681,0.5531914893617021,0.8297872340425532,47,1.85:1
1985.0,0.717391304347826,0.5869565217391305,0.8478260869565217,46,1.85:1
1986.0,0.775,0.625,0.9,40,1.85:1
1987.0,0.8085106382978723,0.6808510638297872,0.9148936170212766,47,1.85:1
1988.0,0.8043478260869565,0.6956521739130435,0.9130434782608695,46,1.85:1
1989.0,0.75,0.6136363636363636,0.8636363636363636,44,1.85:1
1990.0,0.7906976744186046,0.6511627906976745,0.9069767441860465,43,1.85:1
1991.0,0.7021276595744681,0.574468085106383,0.8297872340425532,47,1.85:1
1992.0,0.7045454545454546,0.5681818181818182,0.8409090909090909,44,1.85:1
1993.0,0.6956521739130435,0.5652173913043478,0.8260869565217391,46,1.85:1
1994.0,0.6956521739130435,0.5434782608695652,0.8260869565217391,46,1.85:1
1995.0,0.6666666666666666,0.5294117647058824,0.803921568627451,51,1.85:1
1996.0,0.4888888888888889,0.35555555555555557,0.6444444444444445,45,1.85:1
1997.0,0.4222222222222222,0.26666666666666666,0.5555555555555556,45,1.85:1
1998.0,0.4166666666666667,0.2708333333333333,0.5625,48,1.85:1
1999.0,0.5106382978723404,0.3617021276595745,0.6595744680851063,47,1.85:1
2000.0,0.5333333333333333,0.37777777777777777,0.6666666666666666,45,1.85:1
2001.0,0.3695652173913043,0.2391304347826087,0.5217391304347826,46,1.85:1
2002.0,0.5208333333333334,0.375,0.6458333333333334,48,1.85:1
2003.0,0.3958333333333333,0.2703125,0.5416666666666666,48,1.85:1
2004.0,0.4897959183673469,0.3469387755102041,0.6326530612244898,49,1.85:1
2005.0,0.3541666666666667,0.22916666666666666,0.5,48,1.85:1
2006.0,0.46808510638297873,0.3191489361702128,0.6170212765957447,47,1.85:1
2007.0,0.42857142857142855,0.2857142857142857,0.5714285714285714,49,1.85:1
2008.0,0.34,0.22,0.46,50,1.85:1
2009.0,0.4,0.26666666666666666,0.5333333333333333,45,1.85:1
2010.0,0.2708333333333333,0.16614583333333335,0.3958333333333333,48,1.85:1
2011.0,0.3695652173913043,0.2391304347826087,0.5217391304347826,46,1.85:1
2012.0,0.38,0.24,0.52,50,1.85:1
2013.0,0.20833333333333334,0.10416666666666667,0.3333333333333333,48,1.85:1
2014.0,0.2,0.1,0.3,50,1.85:1
2015.0,0.27906976744186046,0.16279069767441862,0.4186046511627907,43,1.85:1
2016.0,0.28,0.16,0.4,50,1.85:1
2017.0,0.1875,0.08333333333333333,0.3125,48,1.85:1
2018.0,0.043478260869565216,0.0,0.10869565217391304,46,1.85:1
2019.0,0.2631578947368421,0.15789473684210525,0.38596491228070173,57,1.85:1
2020.0,0.18181818181818182,0.06060606060606061,0.30303030303030304,33,1.85:1
2021.0,0.21951219512195122,0.12195121951219512,0.34146341463414637,41,1.85:1
2022.0,0.0975609756097561,0.024390243902439025,0.1951219512195122,41,1.85:1
2023.0,0.13636363636363635,0.045454545454545456,0.25,44,1.85:1
2024.0,0.2222222222222222,0.1111111111111111,0.35555555555555557,45,1.85:1
2025.0,0.21875,0.0625,0.375,32,1.85:1
1921.0,0.0,0.0,0.0,2,2.39:1
1922.0,0.0,0.0,0.0,15,2.39:1
1923.0,0.0,0.0,0.0,18,2.39:1
1924.0,0.0,0.0,0.0,17,2.39:1
1925.0,0.0,0.0,0.0,17,2.39:1
1926.0,0.0,0.0,0.0,29,2.39:1
1927.0,0.0,0.0,0.0,30,2.39:1
1928.0,0.0,0.0,0.0,22,2.39:1
1929.0,0.0,0.0,0.0,38,2.39:1
1930.0,0.0,0.0,0.0,33,2.39:1
1931.0,0.0,0.0,0.0,32,2.39:1
1932.0,0.0,0.0,0.0,31,2.39:1
1933.0,0.0,0.0,0.0,28,2.39:1
1934.0,0.0,0.0,0.0,33,2.39:1
1935.0,0.0,0.0,0.0,32,2.39:1
1936.0,0.0,0.0,0.0,35,2.39:1
1937.0,0.0,0.0,0.0,37,2.39:1
1938.0,0.0,0.0,0.0,33,2.39:1
1939.0,0.0,0.0,0.0,41,2.39:1
1940.0,0.0,0.0,0.0,34,2.39:1
1941.0,0.0,0.0,0.0,37,2.39:1
1942.0,0.0,0.0,0.0,37,2.39:1
1943.0,0.0,0.0,0.0,38,2.39:1
1944.0,0.0,0.0,0.0,35,2.39:1
1945.0,0.0,0.0,0.0,37,2.39:1
1946.0,0.0,0.0,0.0,35,2.39:1
1947.0,0.0,0.0,0.0,32,2.39:1
1948.0,0.0,0.0,0.0,38,2.39:1
1949.0,0.0,0.0,0.0,36,2.39:1
1950.0,0.0,0.0,0.0,33,2.39:1
1951.0,0.0,0.0,0.0,36,2.39:1
1952.0,0.0,0.0,0.0,36,2.39:1
1953.0,0.0,0.0,0.0,33,2.39:1
1954.0,0.0,0.0,0.0,37,2.39:1
1955.0,0.02631578947368421,0.0,0.07894736842105263,38,2.39:1
1956.0,0.0,0.0,0.0,35,2.39:1
1957.0,0.0,0.0,0.0,31,2.39:1
1958.0,0.0,0.0,0.0,35,2.39:1
1959.0,0.03225806451612903,0.0,0.0967741935483871,31,2.39:1
1960.0,0.02564102564102564,0.0,0.07692307692307693,39,2.39:1
1961.0,0.03125,0.0,0.09375,32,2.39:1
1962.0,0.04878048780487805,0.0,0.12195121951219512,41,2.39:1
1963.0,0.05128205128205128,0.0,0.1282051282051282,39,2.39:1
1964.0,0.02631578947368421,0.0,0.07894736842105263,38,2.39:1
1965.0,0.0,0.0,0.0,31,2.39:1
1966.0,0.05405405405405406,0.0,0.13513513513513514,37,2.39:1
1967.0,0.0625,0.0,0.15625,32,2.39:1
1968.0,0.11428571428571428,0.02857142857142857,0.22857142857142856,35,2.39:1
1969.0,0.0,0.0,0.0,26,2.39:1
1970.0,0.0967741935483871,0.0,0.1935483870967742,31,2.39:1
1971.0,0.1875,0.0625,0.3125,32,2.39:1
1972.0,0.23684210526315788,0.10526315789473684,0.3684210526315789,38,2.39:1
1973.0,0.3055555555555556,0.16666666666666666,0.4722222222222222,36,2.39:1
1974.0,0.16216216216216217,0.05405405405405406,0.2972972972972973,37,2.39:1
1975.0,0.13513513513513514,0.02702702702702703,0.2702702702702703,37,2.39:1
1976.0,0.16216216216216217,0.05405405405405406,0.2702702702702703,37,2.39:1
1977.0,0.1,0.025,0.2,40,2.39:1
1978.0,0.14285714285714285,0.047619047619047616,0.2619047619047619,42,2.39:1
1979.0,0.3142857142857143,0.17142857142857143,0.4857142857142857,35,2.39:1
1980.0,0.12244897959183673,0.04081632653061224,0.22448979591836735,49,2.39:1
1981.0,0.15384615384615385,0.057692307692307696,0.2692307692307692,52,2.39:1
1982.0,0.2894736842105263,0.15789473684210525,0.4473684210526316,38,2.39:1
1983.0,0.21428571428571427,0.09523809523809523,0.35714285714285715,42,2.39:1
1984.0,0.14893617021276595,0.06382978723404255,0.2553191489361702,47,2.39:1
1985.0,0.2608695652173913,0.15217391304347827,0.391304347826087,46,2.39:1
1986.0,0.1,0.025,0.2,40,2.39:1
1987.0,0.14893617021276595,0.06382978723404255,0.2553191489361702,47,2.39:1
1988.0,0.08695652173913043,0.021739130434782608,0.17391304347826086,46,2.39:1
1989.0,0.22727272727272727,0.11363636363636363,0.36363636363636365,44,2.39:1
1990.0,0.13953488372093023,0.046511627906976744,0.2558139534883721,43,2.39:1
1991.0,0.1702127659574468,0.06382978723404255,0.2765957446808511,47,2.39:1
1992.0,0.20454545454545456,0.09090909090909091,0.3181818181818182,44,2.39:1
1993.0,0.21739130434782608,0.10869565217391304,0.34782608695652173,46,2.39:1
1994.0,0.2608695652173913,0.15217391304347827,0.391304347826087,46,2.39:1
1995.0,0.3137254901960784,0.17647058823529413,0.45098039215686275,51,2.39:1
1996.0,0.4666666666666667,0.3111111111111111,0.6,45,2.39:1
1997.0,0.4666666666666667,0.3333333333333333,0.6,45,2.39:1
1998.0,0.5,0.3541666666666667,0.6458333333333334,48,2.39:1
1999.0,0.44680851063829785,0.3191489361702128,0.5957446808510638,47,2.39:1
2000.0,0.4444444444444444,0.28888888888888886,0.6,45,2.39:1
2001.0,0.4782608695652174,0.32608695652173914,0.6304347826086957,46,2.39:1
2002.0,0.375,0.25,0.5208333333333334,48,2.39:1
2003.0,0.4583333333333333,0.3333333333333333,0.5833333333333334,48,2.39:1
2004.0,0.4489795918367347,0.30612244897959184,0.5918367346938775,49,2.39:1
2005.0,0.4583333333333333,0.3125,0.6041666666666666,48,2.39:1
2006.0,0.3617021276595745,0.23404255319148937,0.48936170212765956,47,2.39:1
2007.0,0.3877551020408163,0.2653061224489796,0.5306122448979592,49,2.39:1
2008.0,0.48,0.34,0.62,50,2.39:1
2009.0,0.4444444444444444,0.28888888888888886,0.6,45,2.39:1
2010.0,0.5416666666666666,0.3958333333333333,0.6666666666666666,48,2.39:1
2011.0,0.45652173913043476,0.32608695652173914,0.5874999999999996,46,2.39:1
2012.0,0.42,0.28,0.56,50,2.39:1
2013.0,0.6041666666666666,0.4583333333333333,0.7291666666666666,48,2.39:1
2014.0,0.56,0.42,0.7,50,2.39:1
2015.0,0.4883720930232558,0.32558139534883723,0.627906976744186,43,2.39:1
2016.0,0.66,0.5395000000000001,0.8,50,2.39:1
2017.0,0.7916666666666666,0.6666666666666666,0.8963541666666662,48,2.39:1
2018.0,0.8913043478260869,0.782608695652174,0.9782608695652174,46,2.39:1
2019.0,0.7368421052631579,0.6140350877192983,0.8421052631578947,57,2.39:1
2020.0,0.7272727272727273,0.5757575757575758,0.8787878787878788,33,2.39:1
2021.0,0.7317073170731707,0.5853658536585366,0.8536585365853658,41,2.39:1
2022.0,0.8536585365853658,0.7317073170731707,0.9512195121951219,41,2.39:1
2023.0,0.7727272727272727,0.6363636363636364,0.8863636363636364,44,2.39:1
2024.0,0.7111111111111111,0.5777777777777777,0.8444444444444444,45,2.39:1
2025.0,0.625,0.46875,0.78125,32,2.39:1
1921.0,0.0,0.0,0.0,2,1.37:1
1922.0,0.0,0.0,0.0,15,1.37:1
1923.0,0.0,0.0,0.0,18,1.37:1
1924.0,0.0,0.0,0.0,17,1.37:1
1925.0,0.058823529411764705,0.0,0.17647058823529413,17,1.37:1
1926.0,0.0,0.0,0.0,29,1.37:1
1927.0,0.0,0.0,0.0,30,1.37:1
1928.0,0.2727272727272727,0.09090909090909091,0.45454545454545453,22,1.37:1
1929.0,0.2894736842105263,0.15789473684210525,0.4473684210526316,38,1.37:1
1930.0,0.09090909090909091,0.0,0.21212121212121213,33,1.37:1
1931.0,0.1875,0.0625,0.34375,32,1.37:1
1932.0,0.9354838709677419,0.8387096774193549,1.0,31,1.37:1
1933.0,1.0,1.0,1.0,28,1.37:1
1934.0,0.9696969696969697,0.9090909090909091,1.0,33,1.37:1
1935.0,1.0,1.0,1.0,32,1.37:1
1936.0,1.0,1.0,1.0,35,1.37:1
1937.0,1.0,1.0,1.0,37,1.37:1
1938.0,1.0,1.0,1.0,33,1.37:1
1939.0,0.975609756097561,0.926829268292683,1.0,41,1.37:1
1940.0,0.9705882352941176,0.9117647058823529,1.0,34,1.37:1
1941.0,0.9459459459459459,0.8648648648648649,1.0,37,1.37:1
1942.0,1.0,1.0,1.0,37,1.37:1
1943.0,0.9210526315789473,0.8157894736842105,1.0,38,1.37:1
1944.0,0.9428571428571428,0.8571428571428571,1.0,35,1.37:1
1945.0,0.918918918918919,0.8108108108108109,1.0,37,1.37:1
1946.0,0.9428571428571428,0.8571428571428571,1.0,35,1.37:1
1947.0,0.9375,0.84375,1.0,32,1.37:1
1948.0,0.8947368421052632,0.7894736842105263,0.9736842105263158,38,1.37:1
1949.0,0.9444444444444444,0.8611111111111112,1.0,36,1.37:1
1950.0,0.9393939393939394,0.8484848484848485,1.0,33,1.37:1
1951.0,1.0,1.0,1.0,36,1.37:1
1952.0,0.8333333333333334,0.6944444444444444,0.9444444444444444,36,1.37:1
1953.0,0.8484848484848485,0.7272727272727273,0.9696969696969697,33,1.37:1
1954.0,0.21621621621621623,0.08108108108108109,0.3783783783783784,37,1.37:1
1955.0,0.18421052631578946,0.07894736842105263,0.31644736842105203,38,1.37:1
1956.0,0.02857142857142857,0.0,0.08571428571428572,35,1.37:1
1957.0,0.0967741935483871,0.0,0.1935483870967742,31,1.37:1
1958.0,0.05714285714285714,0.0,0.14285714285714285,35,1.37:1
1959.0,0.0,0.0,0.0,31,1.37:1
1960.0,0.0,0.0,0.0,39,1.37:1
1961.0,0.09375,0.0,0.1875,32,1.37:1
1962.0,0.07317073170731707,0.0,0.17073170731707318,41,1.37:1
1963.0,0.15384615384615385,0.05128205128205128,0.28205128205128205,39,1.37:1
1964.0,0.07894736842105263,0.0,0.15789473684210525,38,1.37:1
1965.0,0.06451612903225806,0.0,0.16129032258064516,31,1.37:1
1966.0,0.02702702702702703,0.0,0.08108108108108109,37,1.37:1
1967.0,0.0625,0.0,0.15625,32,1.37:1
1968.0,0.02857142857142857,0.0,0.08571428571428572,35,1.37:1
1969.0,0.11538461538461539,0.0,0.2692307692307692,26,1.37:1
1970.0,0.06451612903225806,0.0,0.16129032258064516,31,1.37:1
1971.0,0.0625,0.0,0.15625,32,1.37:1
1972.0,0.0,0.0,0.0,38,1.37:1
1973.0,0.027777777777777776,0.0,0.08333333333333333,36,1.37:1
1974.0,0.02702702702702703,0.0,0.08108108108108109,37,1.37:1
1975.0,0.0,0.0,0.0,37,1.37:1
1976.0,0.02702702702702703,0.0,0.08108108108108109,37,1.37:1
1977.0,0.0,0.0,0.0,40,1.37:1
1978.0,0.07142857142857142,0.0,0.16666666666666666,42,1.37:1
1979.0,0.02857142857142857,0.0,0.08571428571428572,35,1.37:1
1980.0,0.02040816326530612,0.0,0.061224489795918366,49,1.37:1
1981.0,0.019230769230769232,0.0,0.057692307692307696,52,1.37:1
1982.0,0.02631578947368421,0.0,0.07894736842105263,38,1.37:1
1983.0,0.0,0.0,0.0,42,1.37:1
1984.0,0.02127659574468085,0.0,0.06382978723404255,47,1.37:1
1985.0,0.06521739130434782,0.0,0.15217391304347827,46,1.37:1
1986.0,0.075,0.0,0.175,40,1.37:1
1987.0,0.02127659574468085,0.0,0.06382978723404255,47,1.37:1
1988.0,0.043478260869565216,0.0,0.10869565217391304,46,1.37:1
1989.0,0.022727272727272728,0.0,0.06818181818181818,44,1.37:1
1990.0,0.0,0.0,0.0,43,1.37:1
1991.0,0.0425531914893617,0.0,0.10638297872340426,47,1.37:1
1992.0,0.022727272727272728,0.0,0.06818181818181818,44,1.37:1
1993.0,0.021739130434782608,0.0,0.06521739130434782,46,1.37:1
1994.0,0.043478260869565216,0.0,0.10869565217391304,46,1.37:1
1995.0,0.0,0.0,0.0,51,1.37:1
1996.0,0.022222222222222223,0.0,0.06666666666666667,45,1.37:1
1997.0,0.022222222222222223,0.0,0.06666666666666667,45,1.37:1
1998.0,0.020833333333333332,0.0,0.0625,48,1.37:1
1999.0,0.0851063829787234,0.02127659574468085,0.1702127659574468,47,1.37:1
2000.0,0.022222222222222223,0.0,0.06666666666666667,45,1.37:1
2001.0,0.021739130434782608,0.0,0.06521739130434782,46,1.37:1
2002.0,0.0,0.0,0.0,48,1.37:1
2003.0,0.020833333333333332,0.0,0.0625,48,1.37:1
2004.0,0.0,0.0,0.0,49,1.37:1
2005.0,0.0,0.0,0.0,48,1.37:1
2006.0,0.02127659574468085,0.0,0.06382978723404255,47,1.37:1
2007.0,0.0,0.0,0.0,49,1.37:1
2008.0,0.02,0.0,0.06,50,1.37:1
2009.0,0.022222222222222223,0.0,0.06666666666666667,45,1.37:1
2010.0,0.0,0.0,0.0,48,1.37:1
2011.0,0.0,0.0,0.0,46,1.37:1
2012.0,0.0,0.0,0.0,50,1.37:1
2013.0,0.0,0.0,0.0,48,1.37:1
2014.0,0.02,0.0,0.06,50,1.37:1
2015.0,0.0,0.0,0.0,43,1.37:1
2016.0,0.02,0.0,0.06,50,1.37:1
2017.0,0.020833333333333332,0.0,0.0625,48,1.37:1
2018.0,0.0,0.0,0.0,46,1.37:1
2019.0,0.0,0.0,0.0,57,1.37:1
2020.0,0.0,0.0,0.0,33,1.37:1
2021.0,0.0,0.0,0.0,41,1.37:1
2022.0,0.0,0.0,0.0,41,1.37:1
2023.0,0.0,0.0,0.0,44,1.37:1
2024.0,0.0,0.0,0.0,45,1.37:1
2025.0,0.0,0.0,0.0,32,1.37:1
1921.0,0.0,0.0,0.0,2,2.35:1
1922.0,0.0,0.0,0.0,15,2.35:1
1923.0,0.0,0.0,0.0,18,2.35:1
1924.0,0.0,0.0,0.0,17,2.35:1
1925.0,0.0,0.0,0.0,17,2.35:1
1926.0,0.0,0.0,0.0,29,2.35:1
1927.0,0.0,0.0,0.0,30,2.35:1
1928.0,0.0,0.0,0.0,22,2.35:1
1929.0,0.0,0.0,0.0,38,2.35:1
1930.0,0.0,0.0,0.0,33,2.35:1
1931.0,0.0,0.0,0.0,32,2.35:1
1932.0,0.0,0.0,0.0,31,2.35:1
1933.0,0.0,0.0,0.0,28,2.35:1
1934.0,0.0,0.0,0.0,33,2.35:1
1935.0,0.0,0.0,0.0,32,2.35:1
1936.0,0.0,0.0,0.0,35,2.35:1
1937.0,0.0,0.0,0.0,37,2.35:1
1938.0,0.0,0.0,0.0,33,2.35:1
1939.0,0.0,0.0,0.0,41,2.35:1
1940.0,0.0,0.0,0.0,34,2.35:1
1941.0,0.0,0.0,0.0,37,2.35:1
1942.0,0.0,0.0,0.0,37,2.35:1
1943.0,0.0,0.0,0.0,38,2.35:1
1944.0,0.0,0.0,0.0,35,2.35:1
1945.0,0.0,0.0,0.0,37,2.35:1
1946.0,0.0,0.0,0.0,35,2.35:1
1947.0,0.0,0.0,0.0,32,2.35:1
1948.0,0.0,0.0,0.0,38,2.35:1
1949.0,0.0,0.0,0.0,36,2.35:1
1950.0,0.0,0.0,0.0,33,2.35:1
1951.0,0.0,0.0,0.0,36,2.35:1
1952.0,0.0,0.0,0.0,36,2.35:1
1953.0,0.0,0.0,0.0,33,2.35:1
1954.0,0.02702702702702703,0.0,0.08108108108108109,37,2.35:1
1955.0,0.05263157894736842,0.0,0.13157894736842105,38,2.35:1
1956.0,0.17142857142857143,0.05714285714285714,0.3142857142857143,35,2.35:1
1957.0,0.4838709677419355,0.2903225806451613,0.6451612903225806,31,2.35:1
1958.0,0.45714285714285713,0.2857142857142857,0.6285714285714286,35,2.35:1
1959.0,0.3870967741935484,0.22580645161290322,0.5483870967741935,31,2.35:1
1960.0,0.5384615384615384,0.38461538461538464,0.6923076923076923,39,2.35:1
1961.0,0.375,0.21796875000000004,0.53125,32,2.35:1
1962.0,0.3902439024390244,0.24390243902439024,0.5609756097560976,41,2.35:1
1963.0,0.38461538461538464,0.23076923076923078,0.5384615384615384,39,2.35:1
1964.0,0.2894736842105263,0.15789473684210525,0.4473684210526316,38,2.35:1
1965.0,0.4838709677419355,0.32177419354838716,0.6774193548387096,31,2.35:1
1966.0,0.5675675675675675,0.40540540540540543,0.7297297297297297,37,2.35:1
1967.0,0.5,0.3125,0.65625,32,2.35:1
1968.0,0.34285714285714286,0.2,0.4857142857142857,35,2.35:1
1969.0,0.5,0.3076923076923077,0.6923076923076923,26,2.35:1
1970.0,0.5161290322580645,0.3548387096774194,0.6774193548387096,31,2.35:1
1971.0,0.28125,0.125,0.4375,32,2.35:1
1972.0,0.21052631578947367,0.10526315789473684,0.34210526315789475,38,2.35:1
1973.0,0.1388888888888889,0.027777777777777776,0.25,36,2.35:1
1974.0,0.24324324324324326,0.10810810810810811,0.3783783783783784,37,2.35:1
1975.0,0.24324324324324326,0.10810810810810811,0.3783783783783784,37,2.35:1
1976.0,0.24324324324324326,0.10810810810810811,0.3783783783783784,37,2.35:1
1977.0,0.15,0.05,0.275,40,2.35:1
1978.0,0.09523809523809523,0.023809523809523808,0.19047619047619047,42,2.35:1
1979.0,0.02857142857142857,0.0,0.08571428571428572,35,2.35:1
1980.0,0.08163265306122448,0.02040816326530612,0.16326530612244897,49,2.35:1
1981.0,0.11538461538461539,0.038461538461538464,0.21153846153846154,52,2.35:1
1982.0,0.15789473684210525,0.05263157894736842,0.2894736842105263,38,2.35:1
1983.0,0.047619047619047616,0.0,0.11904761904761904,42,2.35:1
1984.0,0.1276595744680851,0.0425531914893617,0.23404255319148937,47,2.35:1
1985.0,0.08695652173913043,0.021739130434782608,0.17391304347826086,46,2.35:1
1986.0,0.15,0.05,0.275,40,2.35:1
1987.0,0.0425531914893617,0.0,0.10638297872340426,47,2.35:1
1988.0,0.10869565217391304,0.021739130434782608,0.1956521739130435,46,2.35:1
1989.0,0.022727272727272728,0.0,0.06818181818181818,44,2.35:1
1990.0,0.09302325581395349,0.023255813953488372,0.18604651162790697,43,2.35:1
1991.0,0.1276595744680851,0.0425531914893617,0.23404255319148937,47,2.35:1
1992.0,0.11363636363636363,0.022727272727272728,0.20454545454545456,44,2.35:1
1993.0,0.08695652173913043,0.021739130434782608,0.17391304347826086,46,2.35:1
1994.0,0.043478260869565216,0.0,0.10869565217391304,46,2.35:1
1995.0,0.0196078431372549,0.0,0.058823529411764705,51,2.35:1
1996.0,0.044444444444444446,0.0,0.1111111111111111,45,2.35:1
1997.0,0.08888888888888889,0.022222222222222223,0.17777777777777778,45,2.35:1
1998.0,0.08333333333333333,0.020833333333333332,0.16666666666666666,48,2.35:1
1999.0,0.06382978723404255,0.0,0.14893617021276595,47,2.35:1
2000.0,0.08888888888888889,0.022222222222222223,0.17777777777777778,45,2.35:1
2001.0,0.15217391304347827,0.043478260869565216,0.2608695652173913,46,2.35:1
2002.0,0.10416666666666667,0.020833333333333332,0.1875,48,2.35:1
2003.0,0.20833333333333334,0.10416666666666667,0.3333333333333333,48,2.35:1
2004.0,0.10204081632653061,0.02040816326530612,0.1836734693877551,49,2.35:1
2005.0,0.22916666666666666,0.125,0.3541666666666667,48,2.35:1
2006.0,0.2127659574468085,0.10638297872340426,0.3404255319148936,47,2.35:1
2007.0,0.20408163265306123,0.10204081632653061,0.32653061224489793,49,2.35:1
2008.0,0.2,0.1,0.3,50,2.35:1
2009.0,0.17777777777777778,0.06666666666666667,0.3111111111111111,45,2.35:1
2010.0,0.14583333333333334,0.0625,0.25,48,2.35:1
2011.0,0.2608695652173913,0.13043478260869565,0.391304347826087,46,2.35:1
2012.0,0.22,0.12,0.34,50,2.35:1
2013.0,0.22916666666666666,0.125,0.3541666666666667,48,2.35:1
2014.0,0.32,0.18,0.44,50,2.35:1
2015.0,0.2558139534883721,0.13953488372093023,0.3953488372093023,43,2.35:1
2016.0,0.18,0.08,0.3,50,2.35:1
2017.0,0.125,0.041666666666666664,0.22916666666666666,48,2.35:1
2018.0,0.06521739130434782,0.0,0.15217391304347827,46,2.35:1
2019.0,0.07017543859649122,0.017543859649122806,0.14035087719298245,57,2.35:1
2020.0,0.12121212121212122,0.030303030303030304,0.24242424242424243,33,2.35:1
2021.0,0.07317073170731707,0.0,0.14634146341463414,41,2.35:1
2022.0,0.0,0.0,0.0,41,2.35:1
2023.0,0.022727272727272728,0.0,0.06818181818181818,44,2.35:1
2024.0,0.022222222222222223,0.0,0.06666666666666667,45,2.35:1
2025.0,0.0625,0.0,0.15625,32,2.35:1
1921.0,1.0,1.0,1.0,2,1.33:1
1922.0,1.0,1.0,1.0,15,1.33:1
1923.0,1.0,1.0,1.0,18,1.33:1
1924.0,1.0,1.0,1.0,17,1.33:1
1925.0,1.0,1.0,1.0,17,1.33:1
1926.0,1.0,1.0,1.0,29,1.33:1
1927.0,0.9666666666666667,0.9,1.0,30,1.33:1
1928.0,0.45454545454545453,0.2727272727272727,0.6818181818181818,22,1.33:1
1929.0,0.10526315789473684,0.02631578947368421,0.21052631578947367,38,1.33:1
1930.0,0.030303030303030304,0.0,0.09090909090909091,33,1.33:1
1931.0,0.0,0.0,0.0,32,1.33:1
1932.0,0.0,0.0,0.0,31,1.33:1
1933.0,0.0,0.0,0.0,28,1.33:1
1934.0,0.030303030303030304,0.0,0.09090909090909091,33,1.33:1
1935.0,0.0,0.0,0.0,32,1.33:1
1936.0,0.0,0.0,0.0,35,1.33:1
1937.0,0.0,0.0,0.0,37,1.33:1
1938.0,0.0,0.0,0.0,33,1.33:1
1939.0,0.024390243902439025,0.0,0.07317073170731707,41,1.33:1
1940.0,0.029411764705882353,0.0,0.08823529411764706,34,1.33:1
1941.0,0.05405405405405406,0.0,0.13513513513513514,37,1.33:1
1942.0,0.0,0.0,0.0,37,1.33:1
1943.0,0.07894736842105263,0.0,0.18421052631578946,38,1.33:1
1944.0,0.05714285714285714,0.0,0.14285714285714285,35,1.33:1
1945.0,0.08108108108108109,0.0,0.1891891891891892,37,1.33:1
1946.0,0.05714285714285714,0.0,0.14285714285714285,35,1.33:1
1947.0,0.0625,0.0,0.15625,32,1.33:1
1948.0,0.10526315789473684,0.02631578947368421,0.21052631578947367,38,1.33:1
1949.0,0.05555555555555555,0.0,0.1388888888888889,36,1.33:1
1950.0,0.06060606060606061,0.0,0.15151515151515152,33,1.33:1
1951.0,0.0,0.0,0.0,36,1.33:1
1952.0,0.1388888888888889,0.027777777777777776,0.2777777777777778,36,1.33:1
1953.0,0.06060606060606061,0.0,0.15151515151515152,33,1.33:1
1954.0,0.02702702702702703,0.0,0.08108108108108109,37,1.33:1
1955.0,0.0,0.0,0.0,38,1.33:1
1956.0,0.02857142857142857,0.0,0.08571428571428572,35,1.33:1
1957.0,0.0,0.0,0.0,31,1.33:1
1958.0,0.0,0.0,0.0,35,1.33:1
1959.0,0.0,0.0,0.0,31,1.33:1
1960.0,0.02564102564102564,0.0,0.07692307692307693,39,1.33:1
1961.0,0.0,0.0,0.0,32,1.33:1
1962.0,0.024390243902439025,0.0,0.07317073170731707,41,1.33:1
1963.0,0.0,0.0,0.0,39,1.33:1
1964.0,0.0,0.0,0.0,38,1.33:1
1965.0,0.0,0.0,0.0,31,1.33:1
1966.0,0.0,0.0,0.0,37,1.33:1
1967.0,0.0,0.0,0.0,32,1.33:1
1968.0,0.05714285714285714,0.0,0.14285714285714285,35,1.33:1
1969.0,0.0,0.0,0.0,26,1.33:1
1970.0,0.0,0.0,0.0,31,1.33:1
1971.0,0.03125,0.0,0.09375,32,1.33:1
1972.0,0.02631578947368421,0.0,0.07894736842105263,38,1.33:1
1973.0,0.027777777777777776,0.0,0.08333333333333333,36,1.33:1
1974.0,0.02702702702702703,0.0,0.08108108108108109,37,1.33:1
1975.0,0.02702702702702703,0.0,0.08175675675675614,37,1.33:1
1976.0,0.0,0.0,0.0,37,1.33:1
1977.0,0.05,0.0,0.125,40,1.33:1
1978.0,0.023809523809523808,0.0,0.09523809523809523,42,1.33:1
1979.0,0.02857142857142857,0.0,0.08571428571428572,35,1.33:1
1980.0,0.04081632653061224,0.0,0.10204081632653061,49,1.33:1
1981.0,0.057692307692307696,0.0,0.11538461538461539,52,1.33:1
1982.0,0.0,0.0,0.0,38,1.33:1
1983.0,0.0,0.0,0.0,42,1.33:1
1984.0,0.06382978723404255,0.0,0.14893617021276595,47,1.33:1
1985.0,0.021739130434782608,0.0,0.06521739130434782,46,1.33:1
1986.0,0.0,0.0,0.0,40,1.33:1
1987.0,0.02127659574468085,0.0,0.06382978723404255,47,1.33:1
1988.0,0.043478260869565216,0.0,0.10869565217391304,46,1.33:1
1989.0,0.06818181818181818,0.0,0.1590909090909091,44,1.33:1
1990.0,0.023255813953488372,0.0,0.06976744186046512,43,1.33:1
1991.0,0.0425531914893617,0.0,0.10638297872340426,47,1.33:1
1992.0,0.09090909090909091,0.022727272727272728,0.18181818181818182,44,1.33:1
1993.0,0.021739130434782608,0.0,0.06521739130434782,46,1.33:1
1994.0,0.06521739130434782,0.0,0.13043478260869565,46,1.33:1
1995.0,0.0392156862745098,0.0,0.09803921568627451,51,1.33:1
1996.0,0.06666666666666667,0.0,0.15555555555555556,45,1.33:1
1997.0,0.044444444444444446,0.0,0.1111111111111111,45,1.33:1
1998.0,0.08333333333333333,0.020833333333333332,0.16666666666666666,48,1.33:1
1999.0,0.0425531914893617,0.0,0.10638297872340426,47,1.33:1
2000.0,0.06666666666666667,0.0,0.15555555555555556,45,1.33:1
2001.0,0.10869565217391304,0.021739130434782608,0.1956521739130435,46,1.33:1
2002.0,0.10416666666666667,0.020833333333333332,0.1875,48,1.33:1
2003.0,0.10416666666666667,0.020833333333333332,0.1875,48,1.33:1
2004.0,0.12244897959183673,0.04081632653061224,0.22448979591836735,49,1.33:1
2005.0,0.0,0.0,0.0,48,1.33:1
2006.0,0.02127659574468085,0.0,0.06382978723404255,47,1.33:1
2007.0,0.061224489795918366,0.0,0.12244897959183673,49,1.33:1
2008.0,0.04,0.0,0.1,50,1.33:1
2009.0,0.044444444444444446,0.0,0.1111111111111111,45,1.33:1
2010.0,0.0,0.0,0.0,48,1.33:1
2011.0,0.021739130434782608,0.0,0.06521739130434782,46,1.33:1
2012.0,0.04,0.0,0.1,50,1.33:1
2013.0,0.041666666666666664,0.0,0.10416666666666667,48,1.33:1
2014.0,0.02,0.0,0.06,50,1.33:1
2015.0,0.0,0.0,0.0,43,1.33:1
2016.0,0.0,0.0,0.0,50,1.33:1
2017.0,0.020833333333333332,0.0,0.0625,48,1.33:1
2018.0,0.06521739130434782,0.0,0.15217391304347827,46,1.33:1
2019.0,0.05263157894736842,0.0,0.10526315789473684,57,1.33:1
2020.0,0.0,0.0,0.0,33,1.33:1
2021.0,0.024390243902439025,0.0,0.07317073170731707,41,1.33:1
2022.0,0.07317073170731707,0.0,0.17073170731707318,41,1.33:1
2023.0,0.045454545454545456,0.0,0.11363636363636363,44,1.33:1
2024.0,0.044444444444444446,0.0,0.1111111111111111,45,1.33:1
2025.0,0.0,0.0,0.0,32,1.33:1
