decade,mean,lo,hi,n_movies,category,collection
1920.0,0.00025190936206858,0.00015940554152966483,0.00036082167040080463,189,Extreme close-up,popular
1930.0,0.0005156718115816297,0.0003889376724259003,0.0006439799060210428,336,Extreme close-up,popular
1940.0,0.0003888585917695501,0.00027335044455107776,0.0005187986277236747,359,Extreme close-up,popular
1950.0,0.00018940330661131228,0.00011207227097685718,0.0002822670335889543,345,Extreme close-up,popular
1960.0,0.00040552597967911784,0.0003173437584316275,0.0005047591733310252,350,Extreme close-up,popular
1970.0,0.0007842949885049137,0.0005619767456731326,0.0010723171583746744,366,Extreme close-up,popular
1980.0,0.0012182470081306947,0.001069385428762126,0.0013928449732418116,452,Extreme close-up,popular
1990.0,0.0017591044485440802,0.0015566509398460427,0.0019846748630270358,463,Extreme close-up,popular
2000.0,0.0018354073111972562,0.001609427651009589,0.002076315497471496,477,Extreme close-up,popular
2010.0,0.0018179924933563409,0.0016037785741511812,0.002050870184022329,487,Extreme close-up,popular
2020.0,0.0013853853982698948,0.0011376102577992408,0.0016746433855926621,236,Extreme close-up,popular
1920.0,0.012706243149419923,0.011516605860262716,0.014031302121880916,189,Close-up,popular
1930.0,0.010503278966941573,0.009681889261444684,0.011417656882957289,336,Close-up,popular
1940.0,0.010032539428046027,0.009181645198472733,0.010962595399845261,359,Close-up,popular
1950.0,0.007638817438023965,0.006843134392483203,0.008492390820380292,345,Close-up,popular
1960.0,0.011212073088199239,0.010071198191495496,0.01252058011202467,350,Close-up,popular
1970.0,0.017091284675061966,0.015663154412465307,0.018536590457040595,366,Close-up,popular
1980.0,0.025441193952471203,0.02406267404311207,0.027067594453472902,452,Close-up,popular
1990.0,0.040461319301155395,0.03858685122494632,0.042288058331187296,463,Close-up,popular
2000.0,0.04858249886718204,0.046475914846751815,0.05070338697334563,477,Close-up,popular
2010.0,0.048808505412898454,0.0469258066512914,0.050674229302257845,487,Close-up,popular
2020.0,0.05070682732421915,0.04799041974557888,0.053411124738499516,236,Close-up,popular
1920.0,0.046938482120332845,0.04105785273502899,0.05333129587063364,189,Medium close-up,popular
1930.0,0.0548164427129438,0.050498447299514276,0.05909123744668588,336,Medium close-up,popular
1940.0,0.05877441398472348,0.054473513320217104,0.06325285667305396,359,Medium close-up,popular
1950.0,0.05041564177004098,0.04509242975711887,0.05609285119869909,345,Medium close-up,popular
1960.0,0.12221944255753117,0.11341369699355588,0.13078841101416466,350,Medium close-up,popular
1970.0,0.18810688307132303,0.17934042417695542,0.19688975223117655,366,Medium close-up,popular
1980.0,0.20139003129979302,0.19428247022282052,0.2094547227143467,452,Medium close-up,popular
1990.0,0.2563657756196663,0.24678072925242053,0.2650994976061048,463,Medium close-up,popular
2000.0,0.24511211693990856,0.2344762206581942,0.25402568652140833,477,Medium close-up,popular
2010.0,0.22254729788801278,0.21312733195069947,0.23193380639945763,487,Medium close-up,popular
2020.0,0.21092758353835578,0.19825155815354295,0.22379450068619716,236,Medium close-up,popular
1920.0,0.3698948333198345,0.35342250055668367,0.3856710832905017,189,Medium,popular
1930.0,0.4743001870490612,0.46433642405181597,0.4850174805382022,336,Medium,popular
1940.0,0.48052716887165275,0.4705642427693988,0.4909654438673003,359,Medium,popular
1950.0,0.4393007886838319,0.42603346761327615,0.4515657819599651,345,Medium,popular
1960.0,0.46762983092291893,0.4564255303208259,0.47805189451227015,350,Medium,popular
1970.0,0.4227001941749424,0.4136947605051998,0.4315754084700496,366,Medium,popular
1980.0,0.416012083166574,0.4084710811860686,0.423228812074043,452,Medium,popular
1990.0,0.3928084214332035,0.38566097559751067,0.4008268460730038,463,Medium,popular
2000.0,0.38916437846058366,0.3800070743972091,0.39780622314143366,477,Medium,popular
2010.0,0.38270299972807564,0.3738878218167278,0.3916263061684826,487,Medium,popular
2020.0,0.39516317928003863,0.384389257182238,0.4067253673314489,236,Medium,popular
1920.0,0.20895486052042417,0.1981857435124781,0.21915783354542287,189,Medium long,popular
1930.0,0.2464591713828544,0.23948122619379628,0.25336827330371503,336,Medium long,popular
1940.0,0.23768187902821422,0.23108906816548003,0.24484456959795348,359,Medium long,popular
1950.0,0.2466536949247408,0.23738620060426854,0.25596298818070556,345,Medium long,popular
1960.0,0.16720083417852907,0.15995067601403012,0.17456434092420559,350,Medium long,popular
1970.0,0.1478182291430892,0.14262982108744468,0.15300467881620866,366,Medium long,popular
1980.0,0.1353404691967959,0.1310926607974539,0.13980330490671686,452,Medium long,popular
1990.0,0.10605943433488893,0.10212354809245199,0.11009976809181653,463,Medium long,popular
2000.0,0.09098444603998307,0.08719207819813103,0.09523574990990213,477,Medium long,popular
2010.0,0.08251422960803188,0.07876779532299805,0.08635104067386187,487,Medium long,popular
2020.0,0.07792476909089843,0.07391977929366854,0.08228587653579025,236,Medium long,popular
1920.0,0.34441015805302283,0.325364826575536,0.363376438829013,189,Long,popular
1930.0,0.19818100418536788,0.18756797816247792,0.2081868575019351,336,Long,popular
1940.0,0.1953475928179617,0.18599523014991037,0.2048724366872344,359,Long,popular
1950.0,0.23087154260764975,0.21973680003438556,0.24272127900000745,345,Long,popular
1960.0,0.20274193358107934,0.1925099246426207,0.21348761981005263,350,Long,popular
1970.0,0.19456380727779046,0.18671410085640539,0.2028463679307471,366,Long,popular
1980.0,0.19158921198266565,0.18375249320001547,0.198776414466011,452,Long,popular
1990.0,0.17017075567772835,0.1625075779961481,0.17808244802462994,463,Long,popular
2000.0,0.1830532517346296,0.17499871485832855,0.19245057463939844,477,Long,popular
2010.0,0.19825816837053684,0.1884159624042512,0.2077744128557997,487,Long,popular
2020.0,0.1981775221482253,0.1864183045365086,0.21063533838730786,236,Long,popular
1920.0,0.01684351347489718,0.014531963137053058,0.01935035866154455,189,Extreme long,popular
1930.0,0.015224243891249597,0.013814157986670473,0.01672475156481727,336,Extreme long,popular
1940.0,0.017247547277632325,0.015111190497880827,0.019360856425542534,359,Extreme long,popular
1950.0,0.024930111269101232,0.02165740697911352,0.02839143497308022,345,Extreme long,popular
1960.0,0.028590359692063153,0.0256116858264531,0.03182092715762007,350,Extreme long,popular
1970.0,0.02893530666928795,0.026171151608383174,0.031912272978796945,366,Extreme long,popular
1980.0,0.029008763393569517,0.026938278861296898,0.0309818254637699,452,Extreme long,popular
1990.0,0.03237518918481356,0.030417441293195433,0.034489463998088714,463,Extreme long,popular
2000.0,0.04126790064651582,0.038874926549072264,0.043773769079708154,477,Extreme long,popular
2010.0,0.06335080649908804,0.059696261894499565,0.06705480837957731,487,Extreme long,popular
2020.0,0.06571473321999276,0.06075121419816834,0.07066750410558258,236,Extreme long,popular
1910.0,0.0,0.0,0.0,1,Extreme close-up,prestige
1920.0,0.00043141528288684556,0.00011005805540493573,0.0008664351245880244,24,Extreme close-up,prestige
1930.0,0.0006618321614949387,0.00043548858239108966,0.0008860112222784037,167,Extreme close-up,prestige
1940.0,0.0004946926223974691,0.0002893453112901847,0.0007538571641627889,177,Extreme close-up,prestige
1950.0,0.0003375703162258681,0.00020391334788686323,0.0005056585886810255,192,Extreme close-up,prestige
1960.0,0.0007117085141783249,0.0005092727875040605,0.0009551442951197746,223,Extreme close-up,prestige
1970.0,0.0006620855726838921,0.00048025553562405093,0.000881414509782746,190,Extreme close-up,prestige
1980.0,0.001290688620562061,0.001026098641737799,0.0015769472293724412,169,Extreme close-up,prestige
1990.0,0.0017733689930667692,0.0014180320372688103,0.002188016288391532,204,Extreme close-up,prestige
2000.0,0.0023525246607136287,0.001888911514273817,0.0028984088749465383,245,Extreme close-up,prestige
2010.0,0.002276948079072194,0.001808068366343907,0.0028590843254526345,209,Extreme close-up,prestige
2020.0,0.0019936023181389285,0.0013295448354827552,0.00288775540178608,82,Extreme close-up,prestige
1910.0,0.033662543392167406,0.033662543392167406,0.033662543392167406,1,Close-up,prestige
1920.0,0.02480765030793101,0.015475523940618725,0.03597193792152332,24,Close-up,prestige
1930.0,0.01201473143814758,0.010730285194844898,0.013399464062822539,167,Close-up,prestige
1940.0,0.014361765429086966,0.01233504078438064,0.016605434213741596,177,Close-up,prestige
1950.0,0.011157277598234594,0.00943258538148952,0.012993219497450654,192,Close-up,prestige
1960.0,0.017069640923203826,0.014885997355061612,0.019628229257610423,223,Close-up,prestige
1970.0,0.019374853079913015,0.01736918865715428,0.021558335555937218,190,Close-up,prestige
1980.0,0.025542172542654677,0.02310078789615129,0.028172597831168898,169,Close-up,prestige
1990.0,0.03559694869925441,0.03271636717604776,0.03895582876390237,204,Close-up,prestige
2000.0,0.04526516615507502,0.042384959505536356,0.048100445066005304,245,Close-up,prestige
2010.0,0.047037654861819586,0.04382039737770009,0.05037772889875453,209,Close-up,prestige
2020.0,0.04288399512453571,0.037914538141187004,0.048195092938659985,82,Close-up,prestige
1910.0,0.01762577616975505,0.01762577616975505,0.01762577616975505,1,Medium close-up,prestige
1920.0,0.08008912328332583,0.04902887883691987,0.1320431221113966,24,Medium close-up,prestige
1930.0,0.06265109381894719,0.05578835414849226,0.06994313687023408,167,Medium close-up,prestige
1940.0,0.06876860897237758,0.06142454601377288,0.07629481076608043,177,Medium close-up,prestige
1950.0,0.07145864171694451,0.06359705321714683,0.07942581947394262,192,Medium close-up,prestige
1960.0,0.14561774151397539,0.13267778389261384,0.15831426056558048,223,Medium close-up,prestige
1970.0,0.18345676152528972,0.16892335966664812,0.19922360082668097,190,Medium close-up,prestige
1980.0,0.1942635311271206,0.1806272640347143,0.20681014044111962,169,Medium close-up,prestige
1990.0,0.25496581646786676,0.24021319033449606,0.26959108050481195,204,Medium close-up,prestige
2000.0,0.24845466290168974,0.2337336845555742,0.26325764759323006,245,Medium close-up,prestige
2010.0,0.23475110284809178,0.21694424647340546,0.251919601974435,209,Medium close-up,prestige
2020.0,0.20715145166746302,0.18374386212592475,0.23079930265411883,82,Medium close-up,prestige
1910.0,0.23021072703270914,0.23021072703270914,0.23021072703270914,1,Medium,prestige
1920.0,0.3938707660825684,0.3377465762251685,0.4462658767520298,24,Medium,prestige
1930.0,0.45051723657347414,0.435931830678182,0.4657514759643861,167,Medium,prestige
1940.0,0.4598130771352489,0.4440261066378408,0.4766768983595451,177,Medium,prestige
1950.0,0.45854216212298393,0.4420157013123079,0.4759222762750481,192,Medium,prestige
1960.0,0.45640175484970413,0.441018218429946,0.47303222395862105,223,Medium,prestige
1970.0,0.39886752408791415,0.3834266372163438,0.4129504200627152,190,Medium,prestige
1980.0,0.41611708412804266,0.4031345571091364,0.4294670154568752,169,Medium,prestige
1990.0,0.4062635762693377,0.3942901647007069,0.41944822978909563,204,Medium,prestige
2000.0,0.39075015763488047,0.3776849804662638,0.4037754801324862,245,Medium,prestige
2010.0,0.3954643070141495,0.38156661854879986,0.40863215105705736,209,Medium,prestige
2020.0,0.38831557730421257,0.36475735765942463,0.4114227880570126,82,Medium,prestige
1910.0,0.2158363076321322,0.2158363076321322,0.2158363076321322,1,Medium long,prestige
1920.0,0.17552524816183343,0.1496620965920761,0.2019315888988159,24,Medium long,prestige
1930.0,0.23326169309170952,0.22194938272946596,0.24306833865013147,167,Medium long,prestige
1940.0,0.2055105454335558,0.1958755416826602,0.21512320050952055,177,Medium long,prestige
1950.0,0.20175298073899242,0.19093810630595567,0.21338009006647837,192,Medium long,prestige
1960.0,0.14397444800941653,0.13554716635539435,0.1525303959593029,223,Medium long,prestige
1970.0,0.1519870903097305,0.142387626024605,0.1617413753517335,190,Medium long,prestige
1980.0,0.14507562525146553,0.13692383350473342,0.15343224634057911,169,Medium long,prestige
1990.0,0.11474438381210506,0.1085450550165806,0.12133555777172944,204,Medium long,prestige
2000.0,0.09706245057970737,0.09110265403220869,0.1036561242499598,245,Medium long,prestige
2010.0,0.09793394438964846,0.09167492759018983,0.10496969294134446,209,Medium long,prestige
2020.0,0.10003280416851036,0.08783512307803862,0.11314055320352046,82,Medium long,prestige
1910.0,0.484061017943578,0.484061017943578,0.484061017943578,1,Long,prestige
1920.0,0.30217957158063286,0.24323385524103705,0.3598767807988953,24,Long,prestige
1930.0,0.2232522707063007,0.20792102884844205,0.23988655798254743,167,Long,prestige
1940.0,0.22725332959750555,0.21119567510701276,0.24438539008791185,177,Long,prestige
1950.0,0.23530833347010308,0.2177652696868917,0.25219035593671696,192,Long,prestige
1960.0,0.20961535671558476,0.19575390914670288,0.22406070917908447,223,Long,prestige
1970.0,0.2166757244944628,0.2037763831418859,0.23229734005386304,190,Long,prestige
1980.0,0.193118315067522,0.1807109277272103,0.20636375761734774,169,Long,prestige
1990.0,0.16139033652151108,0.1497325129299628,0.17346477550019693,204,Long,prestige
2000.0,0.1813433529598931,0.16642689016522397,0.1976249332736624,245,Long,prestige
2010.0,0.17612427331395522,0.16292329800864971,0.18997071777827546,209,Long,prestige
2020.0,0.20398279633139438,0.18031511917596887,0.22890114299820138,82,Long,prestige
1910.0,0.018603627829658242,0.018603627829658242,0.018603627829658242,1,Extreme long,prestige
1920.0,0.023096225300821727,0.015549414312764728,0.032155364243019666,24,Extreme long,prestige
1930.0,0.017641142209925898,0.015444431182758588,0.02015894544679181,167,Extreme long,prestige
1940.0,0.023797980809827698,0.01913257617355782,0.028697437789865693,177,Extreme long,prestige
1950.0,0.021443034036515568,0.018708312489988985,0.02423096948709796,192,Extreme long,prestige
1960.0,0.026609349473937064,0.02320569525557043,0.030242680251481587,223,Extreme long,prestige
1970.0,0.028975960930005908,0.025382696277711544,0.03336488324232756,190,Extreme long,prestige
1980.0,0.02459258326263249,0.02133090970734041,0.02799133233018529,169,Extreme long,prestige
1990.0,0.025265569236858226,0.023119310584838508,0.027621780795799834,204,Extreme long,prestige
2000.0,0.034771685108040636,0.031530716706021214,0.03826841138287872,245,Extreme long,prestige
2010.0,0.0464117694932632,0.04187249574488719,0.05109533559712978,209,Extreme long,prestige
2020.0,0.05563977308574505,0.04697297128148655,0.06418168196952546,82,Extreme long,prestige
1930.0,0.0035160527984321862,0.0035160527984321862,0.0035160527984321862,1,Extreme close-up,indie
1940.0,0.0,0.0,0.0,1,Extreme close-up,indie
1960.0,0.0015507457075470737,0.00025942860928235934,0.0033272727678194257,7,Extreme close-up,indie
1970.0,0.0009813797659705106,0.0005058570630079689,0.0015324522768725033,30,Extreme close-up,indie
1980.0,0.002058164959614484,0.0010997747167312876,0.003316055069881324,27,Extreme close-up,indie
1990.0,0.002275082419710399,0.0014756680948603892,0.0032352231710518356,68,Extreme close-up,indie
2000.0,0.002375388252553914,0.0018614241229580539,0.0029018598636982446,90,Extreme close-up,indie
2010.0,0.00033934655564036307,0.0002533783783783784,0.00042531473290234774,2,Extreme close-up,indie
1930.0,0.006340423079140008,0.006340423079140008,0.006340423079140008,1,Close-up,indie
1940.0,0.005477784540474742,0.005477784540474742,0.005477784540474742,1,Close-up,indie
1960.0,0.019046547906772546,0.014406480927536143,0.023050332863093485,7,Close-up,indie
1970.0,0.016306070132664618,0.013285867936941354,0.01930402488278048,30,Close-up,indie
1980.0,0.03693630712328202,0.028750640611777754,0.046708185971339584,27,Close-up,indie
1990.0,0.03986852077688122,0.03445575276481396,0.04635890818447717,68,Close-up,indie
2000.0,0.044650634975549566,0.04023140972142246,0.04882641572988427,90,Close-up,indie
2010.0,0.03556364691290474,0.0255614154474311,0.04556587837837838,2,Close-up,indie
1930.0,0.04357599861663496,0.04357599861663496,0.04357599861663496,1,Medium close-up,indie
1940.0,0.014066409684182051,0.014066409684182051,0.014066409684182051,1,Medium close-up,indie
1960.0,0.19477929103127695,0.12535863641742154,0.27315562844625896,7,Medium close-up,indie
1970.0,0.18969469000421418,0.16214323634484626,0.21959574747804972,30,Medium close-up,indie
1980.0,0.21837643949339025,0.1910962569202123,0.2496057224030669,27,Medium close-up,indie
1990.0,0.23182556254309694,0.21092365544805472,0.254165147593185,68,Medium close-up,indie
2000.0,0.278500255281316,0.2533492120159045,0.3053942138900801,90,Medium close-up,indie
2010.0,0.2626501820806857,0.2209084722694794,0.3043918918918919,2,Medium close-up,indie
1930.0,0.28347455184736875,0.28347455184736875,0.28347455184736875,1,Medium,indie
1940.0,0.3302224927301008,0.3302224927301008,0.3302224927301008,1,Medium,indie
1960.0,0.3948115200093224,0.3261942747403998,0.47612275566307527,7,Medium,indie
1970.0,0.43026447936938783,0.4047257978550807,0.4575762004334063,30,Medium,indie
1980.0,0.43324908309198623,0.40787709041920184,0.4599506870016191,27,Medium,indie
1990.0,0.45744500608939703,0.4363889105360626,0.47847396928570163,68,Medium,indie
2000.0,0.3893343643980125,0.3666297435597516,0.41094972260273793,90,Medium,indie
2010.0,0.4569962693000929,0.40599662162162165,0.5079959169785642,2,Medium,indie
1930.0,0.34538013718369936,0.34538013718369936,0.34538013718369936,1,Medium long,indie
1940.0,0.5110570095354027,0.5110570095354027,0.5110570095354027,1,Medium long,indie
1960.0,0.1697797023687311,0.13332627099597516,0.21333561608548204,7,Medium long,indie
1970.0,0.16373315738952376,0.1393342156242824,0.19119849695891888,30,Medium long,indie
1980.0,0.13755980985771452,0.11401659591276717,0.16627480925533034,27,Medium long,indie
1990.0,0.12131008079086726,0.11112356214024892,0.1319480728140003,68,Medium long,indie
2000.0,0.1096096782043174,0.09946812360198207,0.11968127554302395,90,Medium long,indie
2010.0,0.07136228021573802,0.05784280367471929,0.08488175675675676,2,Medium long,indie
1930.0,0.3048014294772033,0.3048014294772033,0.3048014294772033,1,Long,indie
1940.0,0.13829715290457834,0.13829715290457834,0.13829715290457834,1,Long,indie
1960.0,0.19693275794111398,0.14189703453206037,0.24728249220869067,7,Long,indie
1970.0,0.1802367668903119,0.15342862721946374,0.20818758140755889,30,Long,indie
1980.0,0.14647967701272954,0.12884007936981223,0.16273801094237295,27,Long,indie
1990.0,0.12767934099881129,0.11364546625329768,0.14231667422987096,68,Long,indie
2000.0,0.14679162038858842,0.13197892974820838,0.163199227973389,90,Long,indie
2010.0,0.14209686916629116,0.1351650221163661,0.14902871621621622,2,Long,indie
1930.0,0.01291140699752147,0.01291140699752147,0.01291140699752147,1,Extreme long,indie
1940.0,0.0008791506052613782,0.0008791506052613782,0.0008791506052613782,1,Extreme long,indie
1960.0,0.02309943503523602,0.012269028610004827,0.03765087581501918,7,Extreme long,indie
1970.0,0.018783456447927147,0.014890971146415655,0.02352959152623642,30,Extreme long,indie
1980.0,0.025340518461282952,0.0189030005456544,0.0320103296394615,27,Extreme long,indie
1990.0,0.019596406381235797,0.01677033412181667,0.02275215574310138,68,Extreme long,indie
2000.0,0.02873805849966227,0.02538154465790812,0.0322851069625246,90,Extreme long,indie
2010.0,0.03099140576864718,0.009881756756756756,0.0521010547805376,2,Extreme long,indie
