year,digitized
1916,1
1924,1
1925,2
1926,1
1927,2
1928,8
1929,10
1930,3
1931,19
1932,12
1933,14
1934,19
1935,22
1936,21
1937,21
1938,20
1939,16
1940,18
1941,17
1942,16
1943,21
1944,24
1945,15
1946,16
1947,17
1948,18
1949,15
1950,17
1951,17
1952,19
1953,20
1954,19
1955,25
1956,16
1957,19
1958,20
1959,20
1960,25
1961,21
1962,29
1963,22
1964,22
1965,25
1966,23
1967,19
1968,19
1969,18
1970,18
1971,14
1972,19
1973,20
1974,19
1975,23
1976,20
1977,17
1978,22
1979,18
1980,18
1981,12
1982,18
1983,19
1984,15
1985,19
1986,15
1987,14
1988,20
1989,19
1990,20
1991,20
1992,20
1993,16
1994,25
1995,25
1996,17
1997,18
1998,20
1999,23
2000,21
2001,27
2002,25
2003,26
2004,23
2005,26
2006,25
2007,24
2008,26
2009,22
2010,19
2011,27
2012,26
2013,19
2014,24
2015,18
2016,18
2017,18
2018,23
2019,17
2020,13
2021,19
2022,17
2023,14
2024,10
2025,9
