decade,category,n_movies,m_mean,m_lo,m_hi,w_mean,w_lo,w_hi,diff_mean,diff_lo,diff_hi,collection
1920.0,xcu,185,0.0,0.0,0.0,2.593764589925818e-05,0.0,0.00010375058359703272,2.593764589925818e-05,0.0,0.00010375058359703272,popular
1920.0,cu,185,0.0007265594147636982,0.000411526034034273,0.001087545173470179,0.0012832618275444387,0.0006543821431499511,0.002196705771195038,0.0005567024127807405,-0.00018314420960230333,0.001500469162176792,popular
1920.0,mcu,185,0.08036011577490017,0.06843133255543983,0.0921402831071892,0.1553254542363503,0.13792084768034044,0.17256638459603849,0.07496533846145013,0.0639281952774564,0.0865380319871887,popular
1920.0,m,185,0.5597915988555573,0.5404110080056882,0.581065579706516,0.5760654057579627,0.5557832419411038,0.596907197768769,0.01627380690240543,-0.0037988583990540862,0.03608060118700888,popular
1920.0,ml,185,0.2461235322450839,0.23023451900192904,0.26144946810015535,0.18048997738246972,0.16540143464926696,0.19480802070519335,-0.06563355486261419,-0.08049594024010376,-0.05160395974541875,popular
1920.0,l,185,0.11286481023393645,0.09840980398522597,0.12697664228664812,0.08676320105902012,0.0758618815826161,0.0982026463475736,-0.02610160917491633,-0.03618948372674452,-0.015196257808911099,popular
1920.0,xls,185,0.0001333834757585124,6.924012168069297e-05,0.00021445012651149817,4.676209075343431e-05,1.411121271514785e-05,9.720308218965436e-05,-8.662138500507811e-05,-0.00016657179201357277,-9.811831972064937e-06,popular
1930.0,xcu,330,0.0,0.0,0.0,6.584959775495238e-06,0.0,1.6542543958673317e-05,6.584959775495238e-06,0.0,1.6542543958673317e-05,popular
1930.0,cu,330,0.0007338956013343971,0.0005163563649165569,0.0009765582465260254,0.001479389507632216,0.0009470673923724612,0.002197960206367933,0.0007454939062978189,0.00023050366907325932,0.0013639695560902455,popular
1930.0,mcu,330,0.08109833264679203,0.07346992909910453,0.08876789867857836,0.1625472117271191,0.1496775183059476,0.17509621324616606,0.08144887908032708,0.07213557862008722,0.0909154339242221,popular
1930.0,m,330,0.5610647284531052,0.5511497735008556,0.5715373893577796,0.5448722585675942,0.5335239485422784,0.5572877614211001,-0.01619246988551093,-0.028826279904213915,-0.0039641315874143785,popular
1930.0,ml,330,0.24549593110880177,0.2364844864624338,0.2546494863197893,0.203202935956694,0.19272259710150066,0.2148448492471388,-0.04229299515210777,-0.052996847380775355,-0.031564570437013606,popular
1930.0,l,330,0.11122479419400419,0.1035158469011488,0.11923121587172723,0.08775748182067779,0.08073850002856026,0.09487749277420686,-0.0234673123733264,-0.03052697386324193,-0.015884880108544906,popular
1930.0,xls,330,0.00038231799596244725,0.00027467375591145113,0.0005121306305048141,0.00013413746050719658,7.335225398338806e-05,0.00020204811198546726,-0.00024818053545525064,-0.00037284682986290715,-0.0001291606361147877,popular
1940.0,xcu,351,3.932284861539912e-06,0.0,9.733961359646619e-06,2.346868044405788e-06,0.0,5.391900401765304e-06,-1.5854168171341239e-06,-8.078150865935045e-06,3.4748849777162934e-06,popular
1940.0,cu,351,0.0011594164401458158,0.0009046288095858933,0.0014576491519763923,0.00116394583668446,0.0007546108824950872,0.0016732400339398623,4.52939653864423e-06,-0.00043908371905060616,0.0004978905583715752,popular
1940.0,mcu,351,0.08600218203963092,0.07845916094804999,0.09374940318505509,0.16392017892178562,0.15223125542314012,0.1758474961530665,0.0779179968821547,0.06949762681614877,0.08682324095243836,popular
1940.0,m,351,0.5765226499154052,0.5656365373333166,0.5871252109695204,0.5425084091759693,0.5309127113556041,0.5528162734347717,-0.03401424073943593,-0.04564667047081983,-0.023513987787184415,popular
1940.0,ml,351,0.2205693987647878,0.2123776504608714,0.2277478426663399,0.19190467400523248,0.1841856751536243,0.19935371488715617,-0.02866472475955531,-0.03596870914075926,-0.021383106972552992,popular
1940.0,l,351,0.11517868972444813,0.10637606755322679,0.12505687125458764,0.10021596153607505,0.09182946541490608,0.11050962250650324,-0.014962728188373076,-0.02100877736044168,-0.008653954766514566,popular
1940.0,xls,351,0.0005637308307205152,0.0004092947684526095,0.0007192989911213423,0.00028448365620872216,0.00017476049331194204,0.00039217885872823053,-0.00027924717451179303,-0.00043203566128463154,-0.00013526001063973988,popular
1950.0,xcu,335,0.0,0.0,0.0,0.00012070533798538385,9.06438133331186e-06,0.0003205056533544347,0.00012070533798538385,9.06438133331186e-06,0.0003205056533544347,popular
1950.0,cu,335,0.0007624278823551706,0.0005381812895164974,0.0009892624291154893,0.0008522473138135118,0.0005697993077144224,0.0012020830967656377,8.981943145834127e-05,-0.00023489164855085295,0.00045735129773037485,popular
1950.0,mcu,335,0.07602457413342231,0.06756259043847855,0.08449223323416892,0.13332568189974947,0.11983841133127486,0.14813931745058,0.05730110776632716,0.04731727139972622,0.0684168116238408,popular
1950.0,m,335,0.544937130803465,0.5318641028418648,0.5586654852653524,0.544996263126414,0.5300771154860504,0.5603600398074177,5.913232294907367e-05,-0.01313648605114658,0.012796010394234449,popular
1950.0,ml,335,0.25195139093050184,0.24069331894092455,0.26409224664827563,0.2107036916810561,0.1993846470147897,0.22289296204687217,-0.04124769924944574,-0.050782623311002084,-0.03161318556024814,popular
1950.0,l,335,0.12568248128348627,0.1158191076523454,0.13513853294319542,0.10946255804853501,0.09851720153429179,0.11927509990633407,-0.016219923234951264,-0.023359891855434023,-0.00980469023486821,popular
1950.0,xls,335,0.0006419949667693984,0.0004209775045142343,0.0009336554929671861,0.0005388525924466285,0.0003111356570852099,0.0008617292685075762,-0.0001031423743227699,-0.0002959949039904669,0.00010326429867728402,popular
1960.0,xcu,340,1.936185569887536e-05,5.475581706282558e-06,3.999448424423705e-05,1.466242456523093e-05,3.2274820285749817e-06,3.0039919573388747e-05,-4.699431133644431e-06,-2.8370839289692938e-05,1.6596912062863282e-05,popular
1960.0,cu,340,0.000809281210621085,0.0006018358540451956,0.001012561581261342,0.0011238145848523474,0.0007765348521506371,0.0014995552487874477,0.0003145333742312624,-2.4550466819376005e-05,0.0006779485165874891,popular
1960.0,mcu,340,0.18218110479524416,0.1689267726660739,0.19601935669367063,0.2623361136641594,0.24581711959523783,0.2793676345661102,0.08015500886891522,0.06755512978836559,0.09242520774966237,popular
1960.0,m,340,0.5635664551605875,0.5517704118054981,0.5743160391231381,0.532151807858061,0.5177253406748679,0.547210866339361,-0.03141464730252641,-0.042552092486638105,-0.020096760106227792,popular
1960.0,ml,340,0.16952422596655456,0.1616366644964674,0.1785661268298571,0.13732080285445392,0.12750293822995146,0.14893950319099133,-0.03220342311210064,-0.040747315093038215,-0.02277488077201218,popular
1960.0,l,340,0.0833628548656635,0.07600465112819725,0.09136559558632561,0.06669427388425996,0.05852202628374838,0.07595008274683719,-0.016668580981403544,-0.023235401634600746,-0.00875257710402635,popular
1960.0,xls,340,0.0005367161456303368,0.00041543076535666563,0.0006716159018482495,0.00035852472964804753,0.00015867685534250937,0.0006311677232774478,-0.00017819141598228927,-0.0003950874656241002,0.00010256084602201566,popular
1970.0,xcu,349,2.202407489418728e-05,1.144893061183005e-05,3.4917627487665314e-05,0.00011945236688003453,4.9158346129831305e-05,0.00021313570062184874,9.742829198584725e-05,2.9074885801521983e-05,0.00019190475742804234,popular
1970.0,cu,349,0.001270445812320153,0.0010347264812192623,0.001524034528123366,0.0018466854861030372,0.0011978972979357655,0.0026237958570930683,0.0005762396737828842,-0.00012987996981744508,0.001392994337627185,popular
1970.0,mcu,349,0.29841568878383806,0.2842672700480329,0.3126791982246878,0.3424235578156663,0.3224577185768531,0.3590852001056648,0.04400786903182824,0.03025505102995057,0.057788410707974754,popular
1970.0,m,349,0.4986282271260635,0.4882552817832303,0.5091830304482765,0.480845554310642,0.46574735953961605,0.4960888144705144,-0.017782672815421452,-0.03108003861290804,-0.004914181476891131,popular
1970.0,ml,349,0.1373892062426964,0.13139795413461988,0.14389304390388183,0.12201464316367677,0.11365349382895708,0.1304740827249778,-0.015374563079019632,-0.022459984595286978,-0.007824082659063689,popular
1970.0,l,349,0.06357469613267201,0.05809971627588498,0.06922461137874891,0.05250194603865059,0.04556608055710377,0.060540549681016076,-0.011072750094021422,-0.01705760212726552,-0.004330616813671551,popular
1970.0,xls,349,0.0006997118275157549,0.0005078701284389001,0.0009102423797748647,0.00024816081838119737,0.00013443789684497968,0.0003726064158970963,-0.00045155100913455754,-0.0006207002270139892,-0.00029628051101330665,popular
1980.0,xcu,440,5.079500568326052e-05,2.3208352768098365e-05,8.581083950187875e-05,2.8502582414371057e-05,7.4074045101009935e-06,5.7496987221050866e-05,-2.2292423268889464e-05,-6.0298078040379685e-05,1.1766988921776778e-05,popular
1980.0,cu,440,0.001854157421623416,0.0015308457925811863,0.002214650851866937,0.002692543936553031,0.0018822645536623944,0.0037153635378350115,0.0008383865149296148,1.4489946501534812e-05,0.0019256332541042036,popular
1980.0,mcu,440,0.3102618398452341,0.2961595187233638,0.3234210550340313,0.3677541412727868,0.3519187325143903,0.3837925332923399,0.05749230142755274,0.04626775467042982,0.06799426842377203,popular
1980.0,m,440,0.498879546766545,0.4895359726132864,0.509177992716667,0.4694805950961482,0.45710190950069823,0.4809654064637584,-0.0293989516703968,-0.039842426703957885,-0.019000186270420296,popular
1980.0,ml,440,0.12380753076317375,0.11892632289669601,0.1288675775109096,0.10873414063828138,0.10122465183103806,0.1170828178377557,-0.015073390124892366,-0.022360315317922933,-0.00687132656064649,popular
1980.0,l,440,0.06322719095687905,0.05677786231972168,0.07056190473774607,0.05113257108959911,0.04353437232823715,0.05924847332114424,-0.012094619867279943,-0.017522165647977955,-0.005765321992415501,popular
1980.0,xls,440,0.0019189392408614531,0.000332683680300229,0.004990060092955395,0.00017750538421713383,0.00011437568083436727,0.00025412347865700746,-0.0017414338566443192,-0.004812592272852851,-0.0001417575364643686,popular
1990.0,xcu,462,5.197791498800039e-05,3.0017413048638252e-05,7.608200004848606e-05,7.700310617271013e-05,2.4802817099905655e-05,0.00015226462626712252,2.5025191184709738e-05,-2.4939407442465857e-05,9.248886623228374e-05,popular
1990.0,cu,462,0.0042109775353551425,0.0035036018482443513,0.005014046990451938,0.004046490768004692,0.0033400609637030546,0.004816530166388242,-0.0001644867673504507,-0.0011642498110723013,0.0008049413815630693,popular
1990.0,mcu,462,0.3983547890295706,0.38428962131809885,0.41248800615835873,0.4421293777227583,0.42629811910420023,0.45875794452198015,0.04377458869318768,0.034458998673392076,0.052278284178339976,popular
1990.0,m,462,0.4525942003301908,0.4433128550466088,0.462072409594557,0.4367705564912426,0.4248126394266773,0.4482080368692484,-0.015823643838948243,-0.024338105293078817,-0.007388680500007902,popular
1990.0,ml,462,0.08979283313947153,0.08537071905679709,0.09398374599817463,0.07591611678517853,0.0708456996617879,0.08126528883619424,-0.013876716354293009,-0.01788881302923473,-0.009068725138688439,popular
1990.0,l,462,0.054658683770374944,0.048228732755686385,0.06275954036600044,0.040872393603196014,0.034969880888895195,0.04803095541885387,-0.01378629016717893,-0.017179581843830057,-0.010460194855867978,popular
1990.0,xls,462,0.0003365382800489052,0.00026969808840939034,0.00040900402893635936,0.0001880615234472951,0.00012124619349015685,0.0002781383085137882,-0.00014847675660161006,-0.00022562925877716073,-5.5027585518249764e-05,popular
2000.0,xcu,474,0.00033505038245377176,0.00019989999771976747,0.0004902868021537374,0.0002115015938023921,0.00011160871552287047,0.0003352175023982976,-0.00012354878865137965,-0.0002850237621466762,2.245312591307217e-05,popular
2000.0,cu,474,0.004490325441620531,0.0037949319585504127,0.005269163452475976,0.004957217068489259,0.0040294282559806965,0.006028035610293577,0.00046689162686872846,-0.0006404299244583383,0.0015394264865157333,popular
2000.0,mcu,474,0.38788449235241057,0.3716419150607031,0.4029943411536412,0.4043388558833265,0.38671272710353977,0.42123728980928565,0.01645436353091595,0.007521537673367168,0.025202559908284596,popular
2000.0,m,474,0.45436881513212973,0.44277360070915806,0.465757795729688,0.46289852791676583,0.44829154924401016,0.47671670974144914,0.008529712784636101,-7.915868310129216e-05,0.016764213694671296,popular
2000.0,ml,474,0.07874550843962164,0.07450063457964576,0.08306291124056825,0.0702319614561375,0.06479898539688511,0.07627259352107528,-0.008513546983484138,-0.013488564210055667,-0.0030177688341693504,popular
2000.0,l,474,0.07313547294295014,0.06414394194878319,0.0835543660037718,0.05649596859651347,0.04795214085301624,0.06655996610141367,-0.01663950434643667,-0.020677299939670195,-0.012488926457986101,popular
2000.0,xls,474,0.00104033530881358,0.0006903747766891891,0.0014644423263973163,0.0008659674849650224,0.0005126184396994665,0.0013677646307273597,-0.00017436782384855766,-0.0004081331065736717,7.048022668164312e-05,popular
2010.0,xcu,483,0.0005215294256416686,0.0002918599908246536,0.0007952303870970669,0.0004536833091367948,0.00021181222813950853,0.0007839447554722254,-6.784611650487377e-05,-0.00038498887898663706,0.000299911338508155,popular
2010.0,cu,483,0.004257856152195684,0.003450358549924073,0.0051606971873493414,0.004988887166469657,0.004267422727876243,0.005829067855553466,0.0007310310142739727,-4.955868731378129e-05,0.0015551601649851504,popular
2010.0,mcu,483,0.35840866944986904,0.3420703783056299,0.37320046754215674,0.38080503177624503,0.36253881130316495,0.3976743799445699,0.022396362326375985,0.014260028159129584,0.03021560651494313,popular
2010.0,m,483,0.47192615002484867,0.46072787157775785,0.4836235694582077,0.466317736795244,0.45460253248712534,0.4782593119776963,-0.005608413229604647,-0.01305923925935263,0.002280865330026723,popular
2010.0,ml,483,0.07366796386148013,0.06963324370317467,0.07812452389447593,0.06728633909724205,0.06280052618007595,0.07191141145892781,-0.006381624764238078,-0.010261393907583159,-0.0027395510870291103,popular
2010.0,l,483,0.08902345228950273,0.07874011436036464,0.10058646865361696,0.07795266233596763,0.06741838646164365,0.08880343593946653,-0.011070789953535096,-0.015294782225536797,-0.006822846812058611,popular
2010.0,xls,483,0.0021943787964621582,0.0014484151841222654,0.0031671854851348575,0.0021956595196948505,0.0014628506876042272,0.0030966650633394853,1.2807232326922553e-06,-0.0005473513827058758,0.0005729483451140981,popular
2020.0,xcu,236,0.00020169424408239656,0.00010165933429946121,0.0003214509600933935,0.000298071486529753,0.0001372889926865417,0.0005023297058624192,9.637724244735646e-05,-6.715698026262321e-05,0.00029356832717835523,popular
2020.0,cu,236,0.003221106842335366,0.0025295244311456357,0.003868050279822701,0.00406629065338674,0.0030235186524067504,0.00536036853322148,0.0008451838110513738,-0.0001672360741215232,0.0020345882443604545,popular
2020.0,mcu,236,0.3312729185678407,0.3105309262384458,0.349634196282336,0.3562526453460613,0.33373749713385853,0.3764761074636476,0.024979726778220634,0.011603193062723487,0.03814700420734663,popular
2020.0,m,236,0.5110957346908953,0.49542402308449185,0.5270603335360126,0.49976096474730575,0.48366281504675623,0.5179464780512644,-0.011334769943589562,-0.02362118291019837,0.0007718049377510247,popular
2020.0,ml,236,0.07239634779698412,0.06762184510582216,0.07736861950138528,0.06745197856123474,0.062353415999573725,0.07323684662876012,-0.004944369235749382,-0.009942071383271038,0.00016784614049869444,popular
2020.0,l,236,0.07875747088878685,0.0680411616581345,0.09067009021282812,0.0699440654575538,0.057609118964577,0.08268988376874455,-0.008813405431233046,-0.015991049973077997,-0.0005881284253965325,popular
2020.0,xls,236,0.0030547269690751966,0.00198620742398497,0.004314721369965188,0.0022259837479277613,0.0013727888284652443,0.003163698751871887,-0.0008287432211474353,-0.0018241639603489867,1.3130057664190744e-05,popular
1910.0,xcu,1,0.0,0.0,0.0,0.0,0.0,0.0,0.0,0.0,0.0,prestige
1910.0,cu,1,0.0,0.0,0.0,0.0019670146769556664,0.0019670146769556664,0.0019670146769556664,0.0019670146769556664,0.0019670146769556664,0.0019670146769556664,prestige
1910.0,mcu,1,0.03183692166743014,0.03183692166743014,0.03183692166743014,0.07050991072779543,0.07050991072779543,0.07050991072779543,0.03867298906036529,0.03867298906036529,0.03867298906036529,prestige
1910.0,m,1,0.3325698579935868,0.3325698579935868,0.3325698579935868,0.47420184596761994,0.47420184596761994,0.47420184596761994,0.14163198797403315,0.14163198797403315,0.14163198797403315,prestige
1910.0,ml,1,0.4115895556573523,0.4115895556573523,0.4115895556573523,0.24375851112119837,0.24375851112119837,0.24375851112119837,-0.1678310445361539,-0.1678310445361539,-0.1678310445361539,prestige
1910.0,l,1,0.22377462207970683,0.22377462207970683,0.22377462207970683,0.20910879104251778,0.20910879104251778,0.20910879104251778,-0.014665831037189048,-0.014665831037189048,-0.014665831037189048,prestige
1910.0,xls,1,0.00022904260192395785,0.00022904260192395785,0.00022904260192395785,0.00045392646391284613,0.00045392646391284613,0.00045392646391284613,0.00022488386198888828,0.00022488386198888828,0.00022488386198888828,prestige
1920.0,xcu,19,0.0,0.0,0.0,0.0,0.0,0.0,0.0,0.0,0.0,prestige
1920.0,cu,19,0.000343695137081613,0.00011056898512322414,0.0006180597191204556,0.0055116228090206845,0.00029770270134615574,0.01398482863684294,0.005167927671939071,8.894178951653414e-05,0.01343085184493381,prestige
1920.0,mcu,19,0.1219801198334929,0.06449106775697898,0.20131706646685088,0.21115851528043075,0.13840793542752572,0.3084350230888444,0.08917839544693786,0.054943918009657734,0.12929047952239736,prestige
1920.0,m,19,0.5445239427515337,0.48102417091292593,0.6001645849996652,0.5182656560135078,0.44116675877829686,0.5838703789664094,-0.026258286738025882,-0.08760427772905374,0.02793886762880428,prestige
1920.0,ml,19,0.2128793579284478,0.17310954495172065,0.253072711942583,0.1548806384544563,0.12080105277774293,0.19158309576783839,-0.05799871947399152,-0.08449739932622795,-0.02928479993071074,prestige
1920.0,l,19,0.12024747892115076,0.07679968829834054,0.17119877125530236,0.11010071844562948,0.06871140420802,0.15831781359923935,-0.01014676047552128,-0.040989014998924156,0.022992945362051213,prestige
1920.0,xls,19,2.5405428293178644e-05,0.0,7.621628487953593e-05,8.284899695498419e-05,0.0,0.00021095300590254657,5.744356866180554e-05,0.0,0.00015248112228601713,prestige
1930.0,xcu,152,0.0,0.0,0.0,0.0,0.0,0.0,0.0,0.0,0.0,prestige
1930.0,cu,152,0.0007189367658989955,0.00040906123974550845,0.0010821355002985185,0.00177753827577832,0.0007984249818639837,0.0031522128343109993,0.0010586015098793247,0.00010953078516401832,0.002244236381067339,prestige
1930.0,mcu,152,0.09697752398131082,0.08495249708555291,0.11052092041588059,0.16066170792061174,0.14333171374334047,0.1802359857328388,0.06368418393930092,0.0502008433392954,0.07755815587632162,prestige
1930.0,m,152,0.5647335306666731,0.549426632394892,0.5807140986429823,0.5440164150877818,0.5257372854476797,0.5632898949402542,-0.020717115578891332,-0.04006929767703707,-0.0011306165840987857,prestige
1930.0,ml,152,0.23568978100987417,0.22352842309213922,0.24840950235956935,0.20498938413607648,0.1890429920040306,0.2223127571170736,-0.030700396873797692,-0.04647177970755435,-0.012406898107542018,prestige
1930.0,l,152,0.10153810966874685,0.09035687830100407,0.11292913439689045,0.0884543085992141,0.07642305930717154,0.10045124694048123,-0.013083801069532747,-0.022683751398467466,-0.0015908640104922232,prestige
1930.0,xls,152,0.0003421179074960932,0.00021331819926118597,0.0005181618981678409,0.00010064598053758399,4.948810631184214e-05,0.00016273006636540773,-0.00024147192695850924,-0.0003967415975627783,-0.00012579224704772535,prestige
1940.0,xcu,160,2.0815956567084565e-05,0.0,5.761942781143643e-05,3.3008608843420607e-06,0.0,8.335184533903924e-06,-1.7515095682742505e-05,-5.4152502280996816e-05,5.034323649561864e-06,prestige
1940.0,cu,160,0.0012531569571543008,0.0008365742059161634,0.0017549355292752907,0.001467702509648762,0.0007206386882958857,0.002360425369619448,0.00021454555249446122,-0.0005143738224657797,0.0010764398776891976,prestige
1940.0,mcu,160,0.1079479100645027,0.09538232775820786,0.12132288825809026,0.1820290791288211,0.16331024275904782,0.20123760201597876,0.0740811690643184,0.06004125015566904,0.08987274316682473,prestige
1940.0,m,160,0.5808372595515442,0.5661013451588631,0.5957899504396166,0.5498496816950411,0.5312904606118293,0.570890438078991,-0.03098757785650308,-0.04832450392475683,-0.011827468596797206,prestige
1940.0,ml,160,0.19699881553173323,0.18705269858687235,0.2074541728037849,0.1745577014861926,0.16067895806393936,0.18857178643898376,-0.02244111404554064,-0.03599909446194026,-0.009381786455990524,prestige
1940.0,l,160,0.11220237592517128,0.09982248267596025,0.12503987214036952,0.0918485252887489,0.08094298522179381,0.10412283975262268,-0.02035385063642238,-0.03152142257249837,-0.008942234287205175,prestige
1940.0,xls,160,0.000739666013327219,0.0003638159109979452,0.0013100430829785237,0.00024400903066322497,9.415681137040815e-05,0.00044911854171128936,-0.000495656982663994,-0.001095197445689679,-7.284463471866883e-05,prestige
1950.0,xcu,175,6.51413620952025e-05,0.0,0.00019542408628560752,4.303935279302679e-05,6.752181210623351e-06,8.788134933704168e-05,-2.2102009302175708e-05,-0.00016966973829205627,7.53978490976119e-05,prestige
1950.0,cu,175,0.0006734250828471833,0.0004068884421483654,0.000996399721401639,0.0008614912575848189,0.0004021833741442453,0.001433637905589226,0.00018806617473763557,-0.00026689269801793373,0.0006817781108925991,prestige
1950.0,mcu,175,0.1051908886201124,0.09081004845788694,0.1194073818382649,0.1576309964527056,0.13770520024436558,0.17811179485426368,0.05244010783259319,0.039001841699716794,0.06573477911810494,prestige
1950.0,m,175,0.5557936409815032,0.5398016565803393,0.5720009507846874,0.5387682046758865,0.5219740964595215,0.5564268759174443,-0.017025436305616704,-0.0328535267174675,-0.0008113375448347687,prestige
1950.0,ml,175,0.20754925127648338,0.19407971562439774,0.22116491852962614,0.1833194969210682,0.17017217073589308,0.19826913322948825,-0.02422975435541519,-0.03574996208747704,-0.01317166438850567,prestige
1950.0,l,175,0.13012275686217917,0.11575621532875947,0.14601311300632056,0.11893064858867916,0.10399787631594251,0.13576367897954822,-0.011192108273500007,-0.02318235625373954,0.001992997762064239,prestige
1950.0,xls,175,0.0006048958147794773,0.0003140253826807603,0.001004641185799699,0.000446122751282558,0.0002206357851576001,0.0007632501575065402,-0.00015877306349691933,-0.0004169401784910317,5.378437129928997e-05,prestige
1960.0,xcu,201,2.03177929080836e-05,1.5153147952580635e-06,5.464555370632332e-05,8.767012437499066e-05,6.337142834143091e-06,0.0002197323054724678,6.735233146690705e-05,-2.6433678376574416e-05,0.00019615926021525576,prestige
1960.0,cu,201,0.002955765922286363,0.0007352955579539563,0.0070958969207848025,0.002606454096370717,0.0011931509142714383,0.004432330012018532,-0.0003493118259156459,-0.00512443585987355,0.0028450088286575133,prestige
1960.0,mcu,201,0.21733347680662846,0.19276570583562824,0.2414152286297735,0.28473252284356576,0.25996239099094515,0.3089632305035094,0.0673990460369373,0.04871422886204091,0.08616386372307079,prestige
1960.0,m,201,0.5414852294649527,0.5219146601361212,0.5626516668878897,0.5122873317069307,0.49196112249354296,0.5335161090445409,-0.02919789775802195,-0.04536514666741083,-0.012581373235585702,prestige
1960.0,ml,201,0.14866235516436008,0.13875576564785463,0.15915701227203893,0.12445835182722711,0.1125253764320257,0.1380794383180552,-0.024204003337132962,-0.036095414431872204,-0.01148696716282828,prestige
1960.0,l,201,0.08883674855185479,0.07682091196342654,0.10295477673261474,0.07527568951807678,0.06505337698021234,0.08717112339639382,-0.013561059033778008,-0.023542521390000435,-0.004030336208033783,prestige
1960.0,xls,201,0.0007061062970095711,0.00046428156834737983,0.0009917925820888377,0.0005519798834538761,0.0002069323695345996,0.0010164335408266614,-0.000154126413555695,-0.0005452185622523128,0.0003362677190045287,prestige
1970.0,xcu,172,3.628561599828158e-05,1.2208855939318784e-05,7.134341219992214e-05,5.169560947203759e-05,8.54678939856243e-06,0.00011024133981020194,1.5409993473756008e-05,-3.0099262648906246e-05,7.425017943893303e-05,prestige
1970.0,cu,172,0.001440601146472946,0.0009954377342060719,0.0019768934270340717,0.003843829171862739,0.0020345124164985466,0.006330054048622956,0.002403228025389793,0.0006461305544185012,0.004883171784414333,prestige
1970.0,mcu,172,0.28649991135703207,0.2634766919525534,0.3103289725944098,0.3137823230310897,0.288099025846962,0.33818330958784665,0.02728241167405765,0.006399477159722111,0.04795746281739405,prestige
1970.0,m,172,0.4849570522827966,0.46521187700303934,0.503770009939964,0.47583906803649056,0.4505639820899991,0.49869423656637824,-0.009117984246306055,-0.029785683912556368,0.010940066204092073,prestige
1970.0,ml,172,0.14619581154176522,0.13492514169993317,0.15838361689261996,0.1431747247117358,0.12969870141996376,0.15875825852887543,-0.0030210868300294125,-0.016453332332927065,0.011870653360631698,prestige
1970.0,l,172,0.0801443986404548,0.07038446357822867,0.09102852226973056,0.06299401258639485,0.05210451902744462,0.07579200642665244,-0.017150386054059955,-0.02684580224953142,-0.0058811684243492,prestige
1970.0,xls,172,0.0007259394154800733,0.00042347291127830654,0.0010942995249948763,0.00031434685295427136,0.00011312964539017324,0.0005684067410365055,-0.00041159256252580194,-0.000655195416071094,-0.0001817723371257294,prestige
1980.0,xcu,158,4.038653818998975e-05,2.917222791645749e-06,9.589104404223672e-05,1.4729272668595284e-05,0.0,3.72144861889911e-05,-2.5657265521394465e-05,-6.475430341741364e-05,3.3314752237121224e-06,prestige
1980.0,cu,158,0.001982147748941018,0.0013074224123624664,0.002780611496196034,0.0019261678372232403,0.001328258900024582,0.002626921052759887,-5.59799117177775e-05,-0.0010077562280096093,0.0008779405962794342,prestige
1980.0,mcu,158,0.28374972386234554,0.26449549663113153,0.3062760428769897,0.34269365811383024,0.31952546639952234,0.3681485415099819,0.0589439342514847,0.03923838820144412,0.07987945784020746,prestige
1980.0,m,158,0.49888050131721323,0.4810898790489023,0.5170675192967219,0.46824699587934515,0.4491405839728079,0.48892174453304066,-0.03063350543786808,-0.049638960020165775,-0.011164839003404156,prestige
1980.0,ml,158,0.1450251252824632,0.13255221125555122,0.15844998148852166,0.13367774625208068,0.11775916730413312,0.14901246593889944,-0.01134737903038252,-0.026645460044401152,0.004362527018397362,prestige
1980.0,l,158,0.06998760563563554,0.060877466941287345,0.0794030277011965,0.05324206241482335,0.0463391226776992,0.060250670439851245,-0.01674554322081219,-0.024756077248644506,-0.008489508342015359,prestige
1980.0,xls,158,0.0003345096152113754,0.00019614841621616472,0.0005124753506533359,0.00019864023002880255,8.24200316892743e-05,0.0003468481785793062,-0.00013586938518257287,-0.0002733849780901904,2.2201596956441753e-06,prestige
1990.0,xcu,185,0.00010602005202254148,2.3676491808755272e-05,0.00026809478219181666,5.477708144769569e-05,1.0157567044423463e-05,0.00012309584088130175,-5.1242970574845796e-05,-0.00021700781293133598,6.709285854409605e-05,prestige
1990.0,cu,185,0.0034574340049158634,0.002570471988410423,0.004543913754760798,0.005143055117653825,0.003263590242667923,0.007458494795915099,0.0016856211127379613,-0.00024805899879051677,0.004029175460922679,prestige
1990.0,mcu,185,0.377567969353363,0.35512864247899284,0.39984239698294083,0.41606120318306666,0.3902742395430866,0.4403028532900293,0.038493233829703655,0.01933152402248225,0.0571998445060585,prestige
1990.0,m,185,0.46981755456777274,0.45359939766600693,0.4859775195077464,0.4505114211192191,0.4319793954649482,0.4704611873529552,-0.019306133448553642,-0.0365849625373709,-0.0018914095254235282,prestige
1990.0,ml,185,0.0990366694128561,0.08982952632348673,0.10893268598647689,0.08386277899061037,0.0749805732092204,0.0925524246838674,-0.015173890422245734,-0.0253456199088262,-0.005866415309173058,prestige
1990.0,l,185,0.049674955482661584,0.04171784799378706,0.059383500872317925,0.04421879241080185,0.03675181060999588,0.05259064686361306,-0.005456163071859733,-0.011740015014006979,0.0011466143967172142,prestige
1990.0,xls,185,0.00033939712640817024,0.00021702011599818632,0.0005118554186280481,0.0001479720972005224,4.6418732755996784e-05,0.0003028755509472657,-0.00019142502920764783,-0.00037825482528908096,-2.0804981857078913e-05,prestige
2000.0,xcu,214,0.00029249540739056164,0.00011508047515395725,0.0005144272678400784,0.00013848441026209372,6.777495254850706e-05,0.00022233944431311427,-0.00015401099712846793,-0.0003646848880889646,1.534929711303747e-05,prestige
2000.0,cu,214,0.0046119838599204465,0.003241049952470374,0.00611231222257115,0.01155411488897929,0.005244631737135024,0.021500785428589346,0.006942131029058844,0.0004376269451854803,0.016839892415273408,prestige
2000.0,mcu,214,0.35700248849952193,0.33330736149081525,0.38034584794404297,0.39468875437144924,0.3689368633136188,0.4210224314349507,0.037686265871927305,0.02006466733927379,0.0551443426985264,prestige
2000.0,m,214,0.47368004030636945,0.45492881431032595,0.49271076647404083,0.4535639137536667,0.4318413527524797,0.474996817838433,-0.02011612655270273,-0.03764294632073717,-0.002642620353135031,prestige
2000.0,ml,214,0.08838696482328007,0.08049241411046033,0.09823448616308143,0.07899402807216652,0.06995205752975697,0.08980677335413224,-0.00939293675111355,-0.01863935173749951,-0.001336651225366701,prestige
2000.0,l,214,0.07505362704381216,0.059925094384201474,0.09195083858736794,0.06001314217490696,0.045070080652909454,0.07689752064892104,-0.015040484868905198,-0.02059817420635932,-0.009434058252682162,prestige
2000.0,xls,214,0.000972400059705271,0.0003693522872730588,0.0020162189561365867,0.001047562328569299,0.00033586952320147236,0.0023034894664417343,7.516226886402808e-05,-0.00025069856341069,0.0004260857795662984,prestige
2010.0,xcu,192,0.0003424378433790341,0.0001592429259912768,0.0005779761820035714,0.000305586515827361,7.160982646550413e-05,0.0006586496693940703,-3.6851327551673085e-05,-0.0002925228580335318,0.00029630055385652276,prestige
2010.0,cu,192,0.004561103041324001,0.0031067324081673546,0.0064393406010479605,0.005787621855119644,0.004328666605487792,0.0077121628571443675,0.001226518813795643,-0.0003146435459939942,0.0028814040566837876,prestige
2010.0,mcu,192,0.32831090894177645,0.3019710769046329,0.3533653646607509,0.350119383723857,0.31841805071393736,0.37958945268626215,0.021808474782080534,0.002861700982351734,0.04162833612275324,prestige
2010.0,m,192,0.5011606783195847,0.48105232264312087,0.5216570106015156,0.4780006012441608,0.4576246648580724,0.49850522970531824,-0.023160077075423835,-0.03969880579761167,-0.0051590601536000945,prestige
2010.0,ml,192,0.09067242008371272,0.0824918003703546,0.10057772373666812,0.09058845163138973,0.08043148012764913,0.09972138454433656,-8.396845232298833e-05,-0.010245691171516294,0.008504119665143674,prestige
2010.0,l,192,0.07380105323937436,0.06193060586547407,0.08677725115683127,0.07353577427446786,0.06069750043939917,0.08759472736056408,-0.0002652789649064957,-0.00874091316771831,0.007834445188807755,prestige
2010.0,xls,192,0.0011513985308488604,0.0005912028488105397,0.001980937527170695,0.0016625807551776076,0.0007774927630336847,0.0030013808958748688,0.0005111822243287472,2.5327101555372157e-05,0.0010977319357277123,prestige
2020.0,xcu,74,0.0002616539863282639,5.006908060266566e-05,0.0005718238334689697,0.00039682227573498293,0.00012680745160503816,0.0007728829106498819,0.00013516828940671904,-0.00018193437351122235,0.0004853089127490371,prestige
2020.0,cu,74,0.0026494232944087506,0.0014767981956365327,0.004029064873044543,0.00474388756102253,0.0024197971026810668,0.007916157793303544,0.0020944642666137795,7.624268054228514e-05,0.004644876834814449,prestige
2020.0,mcu,74,0.29506962932664715,0.25827170272773875,0.333490658541199,0.3341534271057088,0.2911126478184516,0.37634326939000046,0.039083797779061624,0.007527251863126848,0.07354943394071611,prestige
2020.0,m,74,0.49167296692843115,0.46058917971821334,0.5213244555864615,0.48654526210150634,0.45257160070348335,0.5181192299752536,-0.005127704826924817,-0.04367875085996265,0.03634741575432033,prestige
2020.0,ml,74,0.11202135472593693,0.08703668403146003,0.14564497619556166,0.09346562777736793,0.0750249533424119,0.11632029302036544,-0.018555726948568996,-0.04304416872375226,0.00018716821643926124,prestige
2020.0,l,74,0.09413523133306137,0.0738909474376678,0.11754844218323152,0.07708506891769464,0.05992244282114156,0.09534510529253548,-0.017050162415366735,-0.029988365336227216,-0.005857746752753698,prestige
2020.0,xls,74,0.004189740405186321,0.0018660279140147173,0.0066436644235626915,0.0036099042609647348,0.00154492473126856,0.006131538143302855,-0.0005798361442215863,-0.0022927519944510766,0.0006933656368816195,prestige
1930.0,xcu,1,0.0008827683615819209,0.0008827683615819209,0.0008827683615819209,0.0,0.0,0.0,-0.0008827683615819209,-0.0008827683615819209,-0.0008827683615819209,indie
1930.0,cu,1,0.003884180790960452,0.003884180790960452,0.003884180790960452,0.0,0.0,0.0,-0.003884180790960452,-0.003884180790960452,-0.003884180790960452,indie
1930.0,mcu,1,0.07556497175141243,0.07556497175141243,0.07556497175141243,0.33090909090909093,0.33090909090909093,0.33090909090909093,0.2553441191576785,0.2553441191576785,0.2553441191576785,indie
1930.0,m,1,0.4179025423728814,0.4179025423728814,0.4179025423728814,0.6218181818181818,0.6218181818181818,0.6218181818181818,0.20391563944530045,0.20391563944530045,0.20391563944530045,indie
1930.0,ml,1,0.444385593220339,0.444385593220339,0.444385593220339,0.04727272727272727,0.04727272727272727,0.04727272727272727,-0.39711286594761175,-0.39711286594761175,-0.39711286594761175,indie
1930.0,l,1,0.057203389830508475,0.057203389830508475,0.057203389830508475,0.0,0.0,0.0,-0.057203389830508475,-0.057203389830508475,-0.057203389830508475,indie
1930.0,xls,1,0.00017655367231638418,0.00017655367231638418,0.00017655367231638418,0.0,0.0,0.0,-0.00017655367231638418,-0.00017655367231638418,-0.00017655367231638418,indie
1940.0,xcu,1,0.0,0.0,0.0,0.0,0.0,0.0,0.0,0.0,0.0,indie
1940.0,cu,1,0.0,0.0,0.0,0.0,0.0,0.0,0.0,0.0,0.0,indie
1940.0,mcu,1,0.001944984717977216,0.001944984717977216,0.001944984717977216,0.4796747967479675,0.4796747967479675,0.4796747967479675,0.47772981202999026,0.47772981202999026,0.47772981202999026,indie
1940.0,m,1,0.41567101972770215,0.41567101972770215,0.41567101972770215,0.3956639566395664,0.3956639566395664,0.3956639566395664,-0.020007063088135768,-0.020007063088135768,-0.020007063088135768,indie
1940.0,ml,1,0.46790775215337593,0.46790775215337593,0.46790775215337593,0.12466124661246612,0.12466124661246612,0.12466124661246612,-0.3432465055409098,-0.3432465055409098,-0.3432465055409098,indie
1940.0,l,1,0.11447624340094471,0.11447624340094471,0.11447624340094471,0.0,0.0,0.0,-0.11447624340094471,-0.11447624340094471,-0.11447624340094471,indie
1940.0,xls,1,0.0,0.0,0.0,0.0,0.0,0.0,0.0,0.0,0.0,indie
1960.0,xcu,6,0.0,0.0,0.0,0.00017515613414208857,2.8253376278465274e-05,0.0003428003421733804,0.00017515613414208857,2.8253376278465274e-05,0.0003428003421733804,indie
1960.0,cu,6,0.0011141541790475127,0.0003199216483528379,0.0021812404296429884,0.0022115871487626408,0.00044079435783221974,0.004471857251039863,0.001097432969715128,-0.00017372970133009696,0.0024852874799310373,indie
1960.0,mcu,6,0.3906875685911964,0.23516478097723773,0.5467409295881996,0.29451657279726745,0.19953828840849078,0.4243261126217297,-0.09617099579392896,-0.2736219822127067,0.05332385238884187,indie
1960.0,m,6,0.46028438350110973,0.32544557837913085,0.5761001180782556,0.4711682449329706,0.3801932203268888,0.559129805990794,0.010883861431860875,-0.03786757448622985,0.0805467051220839,indie
1960.0,ml,6,0.11517859141112557,0.06032665964172814,0.16584965342969318,0.17513424646443035,0.12575610173918406,0.23397762196290117,0.059955655053304774,-0.0214399131717721,0.1439367220796588,indie
1960.0,l,6,0.03245782511619392,0.01337372799936639,0.05284853605854674,0.056794192522426935,0.01784073523682742,0.10644764939241887,0.024336367406233017,-0.0047209845416680135,0.06224726109051299,indie
1960.0,xls,6,0.00027747720132688196,0.0,0.0006287241279162742,0.0,0.0,0.0,-0.00027747720132688196,-0.0006287241279162742,0.0,indie
1970.0,xcu,26,0.0,0.0,0.0,0.00019360342972121988,0.0,0.000510016683887295,0.00019360342972121988,0.0,0.000510016683887295,indie
1970.0,cu,26,0.002238207884788773,0.0006087418608525818,0.004355131662437617,0.0009487096614717415,0.00014144112620871542,0.0020700164084364293,-0.0012894982233170316,-0.0033784078359051606,0.0004274501376014941,indie
1970.0,mcu,26,0.28064688630592466,0.24003092655030595,0.325923430868408,0.3187168635086796,0.2617776644412039,0.3812398016489418,0.03806997720275496,-0.007718713277519379,0.08252357591438567,indie
1970.0,m,26,0.5108754096855089,0.47814668377166075,0.5433011162521619,0.478017529369176,0.4399227007182248,0.5140653014840599,-0.03285788031633291,-0.06888617578271874,0.0054328779394659955,indie
1970.0,ml,26,0.1560834232580225,0.12474360167986384,0.19144885925096006,0.16584359782719915,0.12072626227801601,0.2145252515152803,0.00976017456917666,-0.023048308715000087,0.04381060272605363,indie
1970.0,l,26,0.050129672959535417,0.03886684693939118,0.06161040644439115,0.036215776397348305,0.019427614745184632,0.057089184381500825,-0.013913896562187111,-0.02827013938376761,0.003980309049545202,indie
1970.0,xls,26,2.6399906219635817e-05,0.0,7.277983241929161e-05,6.391980640400773e-05,5.467946895299752e-06,0.00015113769922431186,3.751990018437191e-05,2.8290108294086847e-06,8.354057378991397e-05,indie
1980.0,xcu,25,4.6157071794050474e-05,0.0,0.00011619032467430901,4.121436017513848e-05,0.0,0.00010209716078396649,-4.942711618911992e-06,-9.562107111877404e-05,8.588324541759905e-05,indie
1980.0,cu,25,0.0021986383835024773,0.0007704113793150606,0.004524238654697992,0.0026709945525452174,0.0010556062343092115,0.00441007172145182,0.00047235616904274004,-0.0017261841060378395,0.0023718900851154574,indie
1980.0,mcu,25,0.29575664753498004,0.2409104614402323,0.35069387514861644,0.3948998500596111,0.3267355686441235,0.4590597179052546,0.09914320252463105,0.0462435968327194,0.157626588111064,indie
1980.0,m,25,0.5249084719134942,0.487386896074269,0.5626274463064515,0.4674719500641402,0.4186690243765627,0.5144229793693527,-0.057436521849353994,-0.09935745707963528,-0.017749834404017832,indie
1980.0,ml,25,0.14094623226627293,0.10198780935098589,0.18897020854156396,0.11441457324693419,0.07671088371749642,0.16278369547718344,-0.026531659019338738,-0.07664512359406817,0.01804716974001599,indie
1980.0,l,25,0.03610062617404158,0.027189466033812625,0.0452020226815759,0.02043603618041426,0.011850636284356716,0.02938320903621332,-0.015664589993627315,-0.026488940069148703,-0.005267200779306215,indie
1980.0,xls,25,4.322665591456571e-05,4.711980209683119e-06,0.00010608999475915903,6.538153617980512e-05,0.0,0.00017459868879796643,2.2154880265239408e-05,-8.45861370398e-05,0.00014387343530520766,indie
1990.0,xcu,66,5.879387360322825e-05,4.574557527085762e-06,0.00012692060715795722,9.115935428695876e-05,0.0,0.00026804156657400327,3.236548068373052e-05,-7.573381176594777e-05,0.00018575580855284923,indie
1990.0,cu,66,0.0028111962568943137,0.00177671652238481,0.004293840813550291,0.0053343039157117255,0.001848600067901325,0.010325865413691213,0.0025231076588174118,-0.0009580277095245776,0.007515512134905934,indie
1990.0,mcu,66,0.3327457767687672,0.2981665110794518,0.368497071008644,0.3522242817942954,0.3135122440494511,0.3877251691228488,0.01947850502552817,-0.011847964914750975,0.04641529010355696,indie
1990.0,m,66,0.5145807780329155,0.486104597002407,0.5395007548913008,0.5285399725677822,0.4959774987593478,0.5674800793646322,0.013959194534866715,-0.019449247829400388,0.0526388726450158,indie
1990.0,ml,66,0.10669471491452892,0.09536617111637263,0.11868508576877525,0.08708071689101281,0.07144705911590259,0.10348957257383767,-0.019613998023516113,-0.03514682510852833,-0.0038531612044213487,indie
1990.0,l,66,0.04295040835555109,0.03313636150460459,0.057153044288569294,0.026598541933349602,0.019857709161985405,0.03485056368199203,-0.01635186642220149,-0.02683081257733233,-0.007541568268800072,indie
1990.0,xls,66,0.00015833179773960506,3.425413661825872e-05,0.0003654167018438218,0.00013102354356123923,8.320122620760086e-06,0.0003056585897970867,-2.730825417836583e-05,-0.00028425450117418603,0.0001939871118400761,indie
2000.0,xcu,83,7.327921760205019e-05,1.1317023552371125e-05,0.0001671505668538766,1.9604091767514337e-05,3.198352208941953e-06,4.1819953024670506e-05,-5.3675125834535856e-05,-0.0001485429044757917,1.1472727431762289e-05,indie
2000.0,cu,83,0.0034721641353981977,0.002163827383416565,0.005334469331489354,0.017151073405397715,0.0038127920255797377,0.04188868815918715,0.013678909269999517,0.00019709871982128113,0.03832810688996252,indie
2000.0,mcu,83,0.38792929207345617,0.3501338935596454,0.42911559905758556,0.41139992011152876,0.3673555556648659,0.4582087396468767,0.023470628038072594,-0.007954417550523661,0.052001974553847606,indie
2000.0,m,83,0.47040439325956207,0.43921699952804877,0.5001562731500098,0.4600908533262125,0.41758742384613234,0.4996651989086503,-0.010313539933349547,-0.04662517448139664,0.021857188819040554,indie
2000.0,ml,83,0.09861032035881157,0.08353870862557769,0.11474595604469516,0.08914255943958546,0.066562990553514,0.12238725246633864,-0.009467760919226104,-0.029198642486116453,0.022270268263107476,indie
2000.0,l,83,0.03910251998580388,0.030266527124491155,0.04958876196490382,0.02184816764162783,0.015903055231546802,0.02831448325045532,-0.01725435234417605,-0.027039920831914106,-0.009457537175050245,indie
2000.0,xls,83,0.00040803096936609025,0.00013068629940107148,0.0008177055148876809,0.00034782198388013514,5.709971927017479e-05,0.0007291349641729664,-6.020898548595512e-05,-0.0002716052746268707,0.000161560753328422,indie
2010.0,xcu,2,0.0,0.0,0.0,0.0,0.0,0.0,0.0,0.0,0.0,indie
2010.0,cu,2,0.001530221882172915,0.0,0.00306044376434583,0.0,0.0,0.0,-0.001530221882172915,-0.00306044376434583,0.0,indie
2010.0,mcu,2,0.35099359139571934,0.2663861259882683,0.4356010568031704,0.40981628359749644,0.4009512485136742,0.4186813186813187,0.058822692201777105,-0.03464980828949621,0.15229519269305042,indie
2010.0,m,2,0.564486327895352,0.4739101717305152,0.6550624840601887,0.5147064588206087,0.47776456599286565,0.5516483516483517,-0.0497798690747433,-0.10341413241183706,0.003854394262350458,indie
2010.0,ml,2,0.07234855031522502,0.05751083907166539,0.08718626155878467,0.043952777305928316,0.02857142857142857,0.059334126040428065,-0.02839577300929671,-0.02893941050023682,-0.027852135518356608,indie
2010.0,l,2,0.010641308511530738,0.0033025099075297227,0.017980107115531753,0.031524480275966604,0.001098901098901099,0.06195005945303211,0.020883171764435868,-0.016881206016630654,0.058647549545502387,indie
2010.0,xls,2,0.0,0.0,0.0,0.0,0.0,0.0,0.0,0.0,0.0,indie
