period,category,n_movies,m_mean,m_lo,m_hi,w_mean,w_lo,w_hi,diff_mean,diff_lo,diff_hi,group
all years,xcu,132,0.00201314492420628,0.0010251429772399022,0.0034786910695083603,0.0010280166601565155,0.0006831063882851721,0.0014568758612718757,-0.0009851282640497647,-0.002457665113426203,1.8803132246044362e-05,Animated human
all years,cu,132,0.006858910794362898,0.005251207999036736,0.00874625356699141,0.008473834658735309,0.006655094912437178,0.01057966154426229,0.0016149238643724112,-0.0008004678690621908,0.004127663935099314,Animated human
all years,mcu,132,0.17981209965959202,0.16195780804043478,0.19860070978835992,0.17497251784441548,0.15616051251289367,0.19516705681195082,-0.004839581815176547,-0.02259088393799257,0.014623621500402627,Animated human
all years,m,132,0.4860288290653168,0.46937852560682014,0.5020566612433495,0.49048654130012914,0.47096941983138624,0.5090197817355673,0.004457712234812339,-0.014804481128887546,0.025601604099532306,Animated human
all years,ml,132,0.0900927665253832,0.08120186332619495,0.09852811597372342,0.10256374876173383,0.0928876735599819,0.1137409173176166,0.012470982236350625,0.0022504310626376674,0.023862056576301135,Animated human
all years,l,132,0.2307970830506992,0.20934304546942378,0.25408019434745155,0.21810751119765945,0.198878186926235,0.23867457495159267,-0.01268957185303976,-0.035740835533940966,0.006493258997557494,Animated human
all years,xls,132,0.004397165980439593,0.0029457775901686753,0.0058999538325699985,0.004367829577170317,0.0028360403238708565,0.006540857454908968,-2.9336403269276078e-05,-0.001348757471478798,0.0012811096808059703,Animated human
all years,xcu,117,0.003203996160613781,0.0016928800392829256,0.005047893574381244,0.002084949529237833,0.001116471919216234,0.003220135771188636,-0.0011190466313759483,-0.0030610766765030613,0.0005966756643151286,Animated non-human
all years,cu,117,0.011970772741945288,0.008551610448040071,0.016022769565347945,0.013117473350289881,0.008221083889577306,0.01924010565271005,0.001146700608344594,-0.003892887353853317,0.006933131626729014,Animated non-human
all years,mcu,117,0.1599354794928603,0.14028960630594142,0.1785346637313027,0.16151141961725635,0.13618910820817323,0.18730801519556778,0.001575940124396047,-0.019469602302408483,0.023900903456013693,Animated non-human
all years,m,117,0.31979802385834577,0.2979402246045484,0.3428561549338888,0.3252615961336839,0.29425413847351006,0.35867725201955947,0.005463572275338113,-0.021351717237719645,0.03728827915995148,Animated non-human
all years,ml,117,0.07852455846593938,0.06713542224246899,0.09037987840402667,0.07416627353768211,0.06317963102384994,0.08695379133582208,-0.004358284928257267,-0.0181077502071103,0.00810335559491663,Animated non-human
all years,l,117,0.41548339402013035,0.38623992111816147,0.4487162728383442,0.4076227669059856,0.3691667433392907,0.4498089621879968,-0.007860627114144758,-0.03891871675940373,0.024806521819183858,Animated non-human
all years,xls,117,0.011083775260165104,0.007481682812266521,0.014948572788530536,0.016235520925864357,0.009383563177317531,0.025083134177467912,0.005151745665699254,0.0003994223322456536,0.01154231242939392,Animated non-human
all years,xcu,187,3.097872435253897e-05,1.1974530600295515e-05,5.4966746383578487e-05,5.547366892163918e-05,1.199071920396109e-05,0.000102597614840088,2.449494456910021e-05,-2.323238042616123e-05,7.497800137760823e-05,Live-action
all years,cu,187,0.002581419764080945,0.0019200553110505102,0.00339076888116598,0.003751664092782829,0.002153124586976869,0.005793067599249257,0.0011702443287018843,-0.0003563387039262341,0.003115208647170645,Live-action
all years,mcu,187,0.3667272111354644,0.3439816924857202,0.38937938625561047,0.39694130730932,0.3731755950347538,0.4220526613994548,0.030214096173855565,0.016560950161326422,0.04386898882728734,Live-action
all years,m,187,0.4892662896199365,0.4711856674994897,0.5051744958621179,0.4748494199535623,0.45603030980208,0.4924209225618114,-0.014416869666374232,-0.02601764227834088,-0.0022769494967834333,Live-action
all years,ml,187,0.08417897533455992,0.07695719407672376,0.09199319592458562,0.07850517672352633,0.07062608655655148,0.08795289186255997,-0.0056737986110335925,-0.012923336031850243,0.0019421787377708437,Live-action
all years,l,187,0.05658948985355687,0.051538756930640126,0.062352306543151714,0.045473260446888444,0.03983003411986676,0.052013245772876804,-0.011116229406668426,-0.017126942788775835,-0.004904533700722362,Live-action
all years,xls,187,0.0006256355680487602,0.0004254076813708139,0.0008749319365025606,0.0004236978049984639,0.0002333137269376667,0.0006666482791006129,-0.0002019377630502963,-0.0004991913947002074,0.00011641342715335422,Live-action
