year,n_movies_corpus,n_labeled_movies,raw_mean,raw_lo,raw_hi,correction_mean,ppi_mean,ppi_lo,ppi_hi
1921,2,24,0.3425671272344146,0.24379760810300594,0.4413366463658233,0.08148880534735743,0.2610783218870572,0.1346271846433471,0.3875294591307673
1922,16,25,0.33753173881457454,0.2839342385735058,0.3911292390556433,0.07449591980012979,0.2630358190144447,0.16923434403477458,0.3568372939941149
1923,18,27,0.32420097078137616,0.27675694672445594,0.3716449948382964,0.0626260469997581,0.26157492378161806,0.1742666516646199,0.3488831958986162
1924,17,29,0.3170815875512049,0.26341352952137803,0.3707496455810318,0.058307009275636854,0.25877457827556805,0.17176866088120007,0.345780495669936
1925,17,31,0.3873125798725832,0.32071200573544834,0.4539131540097181,0.05541710632324179,0.33189547354934146,0.2393954160363579,0.424395531062325
1926,29,33,0.30715679084679537,0.26724212638665945,0.3470714553069313,0.05358894989471352,0.25356784095208185,0.18117999880630226,0.32595568309786144
1927,30,36,0.2566712423109625,0.22112325482902867,0.29221922979289633,0.05324523094404282,0.20342601136691968,0.13751496830034976,0.2693370544334896
1928,22,39,0.2319763248757309,0.19583454742163883,0.2681181023298229,0.051734383717561096,0.1802419411581698,0.11747380215014062,0.24301008016619896
1929,38,40,0.26112732067213107,0.22515977092352402,0.2970948704207381,0.045724042992546586,0.21540327767958448,0.15269329722387928,0.27811325813528964
1930,33,43,0.21688188346320317,0.1820602947136212,0.2517034722127851,0.05416190045818288,0.16271998300502027,0.1000532393958275,0.22538672661421305
1931,32,45,0.21057605402939247,0.1757169693189879,0.24543513873979705,0.049607630271420906,0.16096842375797157,0.09980697980002842,0.22212986771591473
1932,31,49,0.17805157336773716,0.13736011385106242,0.2187430328844119,0.04657119902622169,0.13148037434151547,0.06986103328873611,0.19309971539429482
1933,28,49,0.19576799308000717,0.16321135824279553,0.2283246279172188,0.04657119902622169,0.14919679405378547,0.09261868180085589,0.20577490630671505
1934,33,52,0.1776199477117548,0.15520359149194324,0.20003630393156635,0.04388439908240121,0.13373554862935358,0.08461912802194752,0.18285196923675964
1935,32,52,0.18070784211158789,0.15516664404152428,0.2062490401816515,0.03271140917637963,0.14799643293520826,0.09623461450172448,0.19975825136869202
1936,36,51,0.19280372083365027,0.16491940152558235,0.2206880401417182,0.03335280935630864,0.15945091147734164,0.1057561833261383,0.213145639628545
1937,37,52,0.21630490693779097,0.18367075281917464,0.2489390610564073,0.030061309081489726,0.18624359785630124,0.131314046872706,0.24117314883989646
1938,33,49,0.17995010888344098,0.15680528905617136,0.2030949287107106,0.015349706503206344,0.16460040238023463,0.12117327979710413,0.20802752496336513
1939,41,52,0.20425847307897196,0.1648385460278818,0.24367840013006212,0.014777507077769944,0.189480966001202,0.13695002238809423,0.2420119096143098
1940,34,52,0.19588513560449275,0.15177296049780817,0.23999731071117733,0.009566372058942613,0.18631876354555013,0.1309661677004756,0.24167135939062467
1941,37,52,0.1759230569181117,0.1536774998815724,0.198168613954651,0.012100700395867772,0.16382235652224392,0.12331394479646487,0.20433076824802296
1942,37,52,0.20651246364634207,0.16693536160173644,0.2460895656909477,0.017137330432497808,0.18937513321384425,0.13646971221450982,0.24228055421317868
1943,38,53,0.21721920648356405,0.19177796561077531,0.24266044735635278,0.025837407203470136,0.1913817992800939,0.14599154083598362,0.2367720577242042
1944,35,55,0.19283095942978826,0.16709522659955406,0.21856669226002245,0.030835837219673815,0.16199512221011445,0.11624202736658548,0.2077482170536434
1945,37,53,0.19324728094954502,0.16821872613204025,0.2182758357670498,0.03062316638908309,0.16262411456046194,0.11922770974692182,0.20602051937400206
1946,35,53,0.18809752650529754,0.16116298773347992,0.21503206527711516,0.032595123300833306,0.15550240320446423,0.11104188774244078,0.1999629186664877
1947,32,54,0.17654707716317958,0.15368802637602103,0.19940612795033813,0.034850143187541927,0.14169693397563765,0.10035564118361154,0.18303822676766376
1948,38,55,0.20255577247501463,0.170818438968389,0.23429310598164027,0.05078705087313418,0.15176872160188046,0.10303684738891748,0.20050059581484342
1949,36,56,0.18846498191401104,0.16291806314893034,0.21401190067909173,0.05122431980111116,0.13724066211289987,0.09248135428815119,0.18199996993764855
1950,33,56,0.21849869316697249,0.189059937365894,0.24793744896805098,0.05823728514740985,0.16026140801956262,0.11147959456013862,0.20904322147898663
1951,36,56,0.23834699623127292,0.20645685870306438,0.27023713375948144,0.057492740900662954,0.18085425533060998,0.130526458298956,0.23118205236226394
1952,36,55,0.2585951996243865,0.22408828699820743,0.29310211225056554,0.054708361074122094,0.2038868385502644,0.15118991970773288,0.25658375739279593
1953,33,54,0.27166084145765346,0.2393487485968214,0.30397293431848554,0.05684603091881177,0.2148148105388417,0.16282099835948777,0.2668086227181956
1954,37,55,0.22649893882875097,0.1923591993625477,0.26063867829495424,0.05605471753930704,0.17044422128944392,0.1178990534041028,0.22298938917478506
1955,38,56,0.23937900704855541,0.19315310135830252,0.28560491273880834,0.05926584872281474,0.18011315832574068,0.12052053155676505,0.2397057850947163
1956,35,56,0.2386833055999653,0.21075298737190754,0.2666136238280231,0.06670898089822362,0.17197432470174168,0.12459939386163307,0.21934925554185028
1957,31,54,0.2047618897280705,0.17355088054589038,0.2359728989102506,0.06671982405657421,0.1380420656714963,0.08729870603486443,0.18878542530812814
1958,35,56,0.2079769143376932,0.15839814233757338,0.257555686337813,0.07387895793023527,0.13409795640745792,0.0691647071892709,0.19903120562564494
1959,31,57,0.18645392085322166,0.153403370005792,0.21950447170065132,0.07892913783252999,0.10752478302069167,0.05466641378392806,0.16038315225745528
1960,39,57,0.17474057400603424,0.15168524869301797,0.1977958993190505,0.07884571616739708,0.09589485783863716,0.04904202926259323,0.14274768641468108
1961,32,57,0.2016481572852127,0.16036954409968365,0.24292677047074177,0.08034947556589334,0.12129868171931937,0.06333216940610781,0.17926519403253094
1962,41,55,0.18381500771216888,0.15245849740581258,0.2151715180185252,0.10133408998547415,0.08248091772669473,0.02119247656636472,0.14376935888702475
1963,39,56,0.19989818700238798,0.17176025654995256,0.2280361174548234,0.10321913394509312,0.09667905305729486,0.037687198547258084,0.15567090756733165
1964,38,54,0.1936413917324631,0.16510452266291104,0.22217826080201514,0.10717758337821791,0.08646380835424518,0.025598395514726854,0.14732922119376352
1965,31,57,0.22672557544096478,0.1936565959276832,0.25979455495424636,0.10484539121886216,0.12188018422210262,0.06092952849117906,0.18283083995302618
1966,37,57,0.23360222374055517,0.18561870587136783,0.2815857416097425,0.1033115516742246,0.13029067206633058,0.06000132167062157,0.2005800224620396
1967,32,57,0.19679268916152426,0.1715158179570527,0.22206956036599582,0.10198754223684502,0.09480514692467924,0.037463988878405005,0.1521463049709535
1968,35,56,0.2059070178719668,0.17843501239412476,0.23337902334980884,0.09478187384041441,0.1111251440315524,0.052817907575231186,0.1694323804878736
1969,26,56,0.21390933660233663,0.1636359934614468,0.26418267974322646,0.0774179820728724,0.13649135452946423,0.06412555602518241,0.20885715303374605
1970,31,57,0.18017437917666887,0.150532155232687,0.20981660312065073,0.0754938409046443,0.10468053827202457,0.04547462144720178,0.16388645509684735
1971,33,57,0.19259885173209274,0.16666105259048422,0.21853665087370125,0.07918245815636005,0.11341639357573269,0.05552425788502957,0.1713085292664358
1972,38,57,0.17782016024340996,0.1597991700022425,0.19584115048457743,0.07811170615899575,0.09970845408441421,0.044841045960105914,0.15457586220872252
1973,36,57,0.1998442814463908,0.1733700301352037,0.2263185327575779,0.07494182468574788,0.12490245676064292,0.06781708343348627,0.18198783008779956
1974,37,58,0.2069660487224869,0.17357611498905956,0.24035598245591422,0.08298303563528783,0.12398301308719906,0.06256288803734768,0.18540313813705045
1975,37,58,0.1918408469636753,0.1690553291694651,0.21462636475788546,0.06584129129863033,0.12599955566504495,0.06665865852354745,0.18534045280654243
1976,37,59,0.20232632422539173,0.17694461338416229,0.22770803506662118,0.06678015535055358,0.13554616887483817,0.07595444167561727,0.19513789607405907
1977,40,60,0.19901203831531875,0.16949621053315883,0.22852786609747866,0.06925180429217791,0.12976023402314085,0.06912572527987298,0.19039474276640872
1978,42,60,0.19751917664316138,0.17032267074030893,0.22471568254601382,0.0697533488710972,0.1277658277720642,0.06824993990254485,0.18728171564158352
1979,35,60,0.18087249239471437,0.16319583123634232,0.19854915355308642,0.07635520754295978,0.10451728485175459,0.04912603768726512,0.15990853201624405
1980,49,59,0.2002710240708178,0.18162794107340938,0.2189141070682262,0.06873395287525615,0.13153707119556163,0.07578513301186862,0.18728900937925463
1981,52,60,0.20952522271030322,0.1877009059694718,0.23134953945113462,0.06418982681185419,0.14533539589844902,0.08986183408385248,0.20080895771304555
1982,38,61,0.18631081356417942,0.16181238955334992,0.2108092375750089,0.07075005270741347,0.11556076085676595,0.05899059836822035,0.17213092334531155
1983,42,63,0.20006489745831044,0.1766778044845342,0.22345199043208666,0.06130199375814893,0.1387629037001615,0.08603275756091716,0.19149304983940585
1984,47,64,0.18959481916215867,0.1732440596482191,0.20594557867609825,0.05580414709680223,0.13379067206535644,0.08403289074980277,0.1835484533809101
1985,46,63,0.20242063925778178,0.1758337519939932,0.22900752652157036,0.0619617336139429,0.1404589056438389,0.08683366750992438,0.1940841437777534
1986,41,66,0.18265146666363763,0.14977128803812528,0.21553164528914998,0.05889705050628487,0.12375441615735276,0.06813134023837009,0.17937749207633544
1987,47,70,0.1625874995471823,0.1472387968502412,0.1779362022441234,0.04459578740591507,0.11799171214126722,0.08040865434660033,0.1555747699359341
1988,46,72,0.18551708797595426,0.151460204591837,0.2195739713600715,0.04214537064372273,0.14337171733223153,0.09589220466874904,0.19085122999571402
1989,44,73,0.17166408999185093,0.15332424180031373,0.19000393818338812,0.04384334143290611,0.12782074855894482,0.08961514582110604,0.16602635129678361
1990,43,73,0.16365902597166093,0.14571112101389175,0.18160693092943012,0.04689514245130454,0.11676388352035638,0.07863872813183445,0.1548890389088783
1991,47,74,0.16148913760524164,0.14242811903836994,0.18055015617211334,0.045684331642910456,0.11580480596233118,0.0776548982157436,0.15395471370891878
1992,44,76,0.1592444169930012,0.14083128015792268,0.17765755382807974,0.04565007436477044,0.11359434262823076,0.07646490144636002,0.15072378381010149
1993,46,80,0.17620738888490567,0.15520177622481787,0.19721300154499347,0.05996330981568543,0.11624407906922024,0.07747832230342613,0.15500983583501435
1994,46,82,0.16381948944025423,0.14496105793639041,0.18267792094411806,0.07228450116821647,0.09153498827203777,0.05513138964675217,0.12793858689732335
1995,51,86,0.1633666251325402,0.1399961694676306,0.18673708079744977,0.06816200835037609,0.0952046167821641,0.05619201823714985,0.13421721532717834
1996,45,88,0.16685591031029462,0.14203634900442583,0.1916754716161634,0.06280388815475131,0.10405202215554331,0.06459949129866263,0.14350455301242399
1997,45,93,0.15033690298772664,0.13238157760205554,0.16829222837339775,0.059697309608417945,0.0906395933793087,0.05498783901840461,0.12629134774021278
1998,49,92,0.1889299176146385,0.14949295373907748,0.22836688149019954,0.053211344373618005,0.1357185732410205,0.08575899429055892,0.18567815219148207
1999,47,90,0.17965237946686002,0.14996708937389827,0.20933766955982178,0.050987297337925175,0.12866508212893485,0.08659326054821527,0.17073690370965444
2000,45,91,0.1501852945907341,0.12988885736505523,0.17048173181641296,0.060842449441472136,0.08934284514926197,0.055963851418717826,0.12272183887980612
2001,46,91,0.17088303599117188,0.1443552501930506,0.19741082178929317,0.06224408514970846,0.10863895084146342,0.07108059404488638,0.14619730763804045
2002,48,91,0.18042569494166574,0.15586209461011255,0.20498929527321894,0.06241832553879776,0.11800736940286799,0.0818953463982211,0.15411939240751488
2003,49,90,0.16890669369944714,0.14549829756430938,0.1923150898345849,0.06174143522982009,0.10716525846962704,0.07168454675932237,0.14264597017993172
2004,49,93,0.18195627160962358,0.1540291433358531,0.20988339988339405,0.06084011946677474,0.12111615214284883,0.08299311586939971,0.15923918841629797
2005,48,91,0.18019193880773762,0.14750367743340626,0.212880200182069,0.063669684526126,0.11652225428161163,0.07401959957667775,0.1590249089865455
2006,48,91,0.20643400039984064,0.1636720497279857,0.24919595107169557,0.0621691033878611,0.14426489701197953,0.09354814824190383,0.19498164578205524
2007,49,90,0.18231091580251607,0.15920322741207119,0.20541860419296096,0.05918480012329121,0.12312611567922485,0.08790710823879441,0.1583451231196553
2008,50,88,0.18726041059599105,0.15709218307024447,0.21742863812173763,0.060138950861434864,0.12712145973455619,0.08656250398319557,0.1676804154859168
2009,45,87,0.2003518192731318,0.1665754309895992,0.2341282075566644,0.06312095974724047,0.13723085952589134,0.09412191580551169,0.180339803246271
2010,48,89,0.1865152254495509,0.16059194336202906,0.21243850753707275,0.06355438853549317,0.12296083691405774,0.08613413971146522,0.15978753411665025
2011,46,89,0.22022958380105687,0.1817159782327172,0.25874318936939655,0.06824990233192695,0.15197968146912993,0.10534300682351036,0.1986163561147495
2012,50,86,0.1853438408379685,0.1587381636108421,0.21194951806509493,0.07905008048807467,0.10629376034989384,0.06687694250512252,0.14571057819466515
2013,48,87,0.1920992229663211,0.16122632025046163,0.22297212568218056,0.08592269110069721,0.10617653186562388,0.06329250192917313,0.14906056180207464
2014,50,84,0.18086022419999648,0.15666617518619327,0.20505427321379968,0.08589662146115208,0.0949636027388444,0.05650322953058073,0.13342397594710806
2015,43,80,0.19542297229959896,0.16145264794238587,0.22939329665681205,0.0851694039494712,0.11025356835012776,0.06413916171960413,0.1563679749806514
2016,50,77,0.21526443863570813,0.1792751261849692,0.25125375108644704,0.0877685966959393,0.12749584193976882,0.07917372185670964,0.175817962022828
2017,48,73,0.21529849957903505,0.17888756593848304,0.25170943321958705,0.08880795358172629,0.12649054599730875,0.07706506210127483,0.17591602989334265
2018,46,67,0.1809205162637041,0.15318682006956252,0.20865421245784566,0.07790480728527915,0.10301570897842494,0.05897221009277705,0.14705920786407284
2019,58,62,0.2004102638902756,0.17353247407027036,0.22728805371028085,0.07153463308482254,0.12887563080545306,0.08388770746639221,0.1738635541445139
2020,33,56,0.14760339795981567,0.1257180474545438,0.16948874846508755,0.08036685051643577,0.0672365474433799,0.024425036391188155,0.11004805849557164
2021,41,52,0.21536302738234273,0.18859785309021282,0.24212820167447263,0.08755221772134815,0.12781080966099456,0.08122346832708319,0.17439815099490594
2022,41,45,0.18438076733381686,0.156389184526282,0.21237235014135172,0.10061350412323002,0.08376726321058685,0.03695263905568393,0.13058188736548976
2023,44,43,0.2079515162456632,0.18007351957974788,0.2358295129115785,0.10755376048477097,0.10039775576089222,0.05325901628611597,0.14753649523566847
2024,45,41,0.2168859573124691,0.18808645707734667,0.24568545754759152,0.10523884029770321,0.11164711701476589,0.06259923171142792,0.16069500231810385
2025,32,38,0.20059968473511258,0.17575829880943283,0.22544107066079233,0.10372248417240836,0.09687720056270423,0.048095919796901615,0.14565848132850684
