genre,mean,lo,hi,n_movies
Sci-Fi,0.25338260656120193,0.24126388222483355,0.26535903123089916,292
Thriller,0.24874735329975797,0.23875349582364075,0.25953693482807805,512
Horror,0.23350666928456468,0.22112174260422757,0.24567670738884748,287
Action,0.22927760813105572,0.22204446959776342,0.23616078932881296,1003
Mystery,0.2195595176112665,0.2081465510564128,0.23213708405821276,347
Documentary,0.21154938348751398,0.18991258144297624,0.2362639447802691,121
Crime,0.20943557547441044,0.20109506368037838,0.21776984075460357,761
Biography,0.19687224527208602,0.1849124318466831,0.2094791772927199,372
Fantasy,0.18986142803244874,0.17877957449368478,0.20007658269967996,335
Sport,0.1879153264964972,0.16571186768135654,0.20895202133654237,97
Drama,0.1707500949795899,0.16610250451675262,0.175318610310718,2997
Adventure,0.16913931419187925,0.16302862203871518,0.17562027965839044,1098
Music,0.166729421964206,0.1492329584761338,0.18292645034762436,201
History,0.15952752901958367,0.14454840790936824,0.17505001917469853,260
Comedy,0.14098931193117617,0.13635136337851633,0.14527976005958293,1897
Family,0.13532200010395548,0.12507357201666397,0.14515174734275083,334
Romance,0.12814248928898325,0.12218546024046606,0.1347411580207994,1243
War,0.12657957297714773,0.11450385263379795,0.13975999292063995,264
Western,0.10742142446985509,0.08699349986954451,0.12665247389617817,117
Animation,0.10224811359213233,0.09562456217854802,0.10914815281555915,249
Film-Noir,0.07741539716182014,0.06567796318190845,0.08899292427060473,70
Musical,0.062782436480385,0.054357974181196665,0.07157854533812312,266
Short,0.026359277183612525,0.02060256978289765,0.0321159845843274,2
