year,mean,lo,hi,n_movies,category
1921.0,0.07002647961682884,0.06472952086553323,0.07532343836812445,2,Medium close-up
1922.0,0.042529305388769444,0.02516339311697708,0.06051666003230156,16,Medium close-up
1923.0,0.03296018431711847,0.02111725992939479,0.04541268253120079,18,Medium close-up
1924.0,0.02795669753157761,0.019960440307391514,0.03721522038859264,17,Medium close-up
1925.0,0.04101336617226451,0.023406322388038494,0.06324610070586927,17,Medium close-up
1926.0,0.04289039521076988,0.03183796097192556,0.05483965384976038,29,Medium close-up
1927.0,0.06687585604880934,0.0531436737408575,0.0833157065713171,30,Medium close-up
1928.0,0.08875786183102605,0.06470248372563489,0.11570250561363804,22,Medium close-up
1929.0,0.02848175715148187,0.0211526097494344,0.03636985041075938,38,Medium close-up
1930.0,0.02388414288592571,0.016876541691197736,0.0322890169787102,33,Medium close-up
1931.0,0.037907491777585366,0.02937245270065725,0.046569783715127024,32,Medium close-up
1932.0,0.04936003799873694,0.03804022988674853,0.06148572249646576,31,Medium close-up
1933.0,0.04434302640150934,0.03456263648094677,0.05502572226967875,28,Medium close-up
1934.0,0.07009946984360482,0.056131748683228996,0.08540948525548653,33,Medium close-up
1935.0,0.06241845398762383,0.0480700417849817,0.0771747251208203,32,Medium close-up
1936.0,0.06386137990061717,0.049576524431336276,0.07965684330345858,36,Medium close-up
1937.0,0.06514593698071924,0.05238193096124819,0.07696508892330524,37,Medium close-up
1938.0,0.05781268512803611,0.04662696156177238,0.07041811861956081,33,Medium close-up
1939.0,0.06627905843538509,0.05495795668938346,0.0781641345880709,41,Medium close-up
1940.0,0.06426879412590791,0.050770632876162305,0.07892791537828232,34,Medium close-up
1941.0,0.06215620084753983,0.046037867106750535,0.08073642294241559,37,Medium close-up
1942.0,0.06006554434719609,0.047769061329598524,0.07378827078917531,37,Medium close-up
1943.0,0.06584328062955151,0.05086571907108459,0.08370450649370961,38,Medium close-up
1944.0,0.05107086238901292,0.04067534910109381,0.061175026964017463,35,Medium close-up
1945.0,0.06198372474249414,0.04833692705490049,0.07650640930614186,37,Medium close-up
1946.0,0.056037534878615326,0.04265823156441654,0.0717082742990067,35,Medium close-up
1947.0,0.05561348804032093,0.04175176568492961,0.07230808801912372,32,Medium close-up
1948.0,0.060469387604632344,0.04798161970681831,0.07474637471011271,38,Medium close-up
1949.0,0.0491935088333639,0.03879386979047536,0.06146670500358952,36,Medium close-up
1950.0,0.03418120267294556,0.023502785992985005,0.048159710837717536,33,Medium close-up
1951.0,0.04154631229257722,0.030745862345572587,0.05323027042858017,36,Medium close-up
1952.0,0.0441775256500394,0.03089812114820798,0.05902921102400499,36,Medium close-up
1953.0,0.04193676977461605,0.031111095645550656,0.05280657022111276,33,Medium close-up
1954.0,0.047901888801906815,0.0315002480652684,0.06463496411232267,37,Medium close-up
1955.0,0.031857959723626275,0.02296167814159764,0.04206499164933839,38,Medium close-up
1956.0,0.05184235804463412,0.034161213929107925,0.07234043280621617,35,Medium close-up
1957.0,0.06626445797806803,0.0471341114298502,0.0867471995050052,31,Medium close-up
1958.0,0.06805323023670189,0.045851037569166884,0.09339265456792929,35,Medium close-up
1959.0,0.08264287134274796,0.058374300213651344,0.11086339951239746,31,Medium close-up
1960.0,0.08249935549381232,0.06349687557075194,0.10137565777504161,39,Medium close-up
1961.0,0.09354568208105289,0.07393270655835947,0.11449742533420695,32,Medium close-up
1962.0,0.10867027988656165,0.08620522948202036,0.131019914766706,41,Medium close-up
1963.0,0.10309231155575073,0.08374523431382885,0.1252854611751674,39,Medium close-up
1964.0,0.11696760699220107,0.09163730515390957,0.1448073667748627,38,Medium close-up
1965.0,0.11937142703210545,0.09226896221180977,0.15153499867732384,31,Medium close-up
1966.0,0.12475727233092065,0.10406275443533354,0.1474762088580271,37,Medium close-up
1967.0,0.14760177931919988,0.12357561227507502,0.17378669878533273,32,Medium close-up
1968.0,0.16802232780615337,0.13529444238035446,0.2014647175994507,35,Medium close-up
1969.0,0.18170945334182703,0.14729096287284676,0.2143359168452348,26,Medium close-up
1970.0,0.1894920049890832,0.1520680100933511,0.2258792268900974,31,Medium close-up
1971.0,0.20553319154460625,0.1804594199726505,0.23417651724745203,33,Medium close-up
1972.0,0.1989178584087513,0.17176465206686167,0.22499117143329356,38,Medium close-up
1973.0,0.193541643880748,0.16285970609775982,0.22548135769618302,36,Medium close-up
1974.0,0.1838212803535134,0.15283082967918993,0.21642339751143977,37,Medium close-up
1975.0,0.18112362930725592,0.15072792325228512,0.2126808408634898,37,Medium close-up
1976.0,0.19428536003182062,0.169098017579168,0.21903898264075436,37,Medium close-up
1977.0,0.1768950983518,0.15795652635151958,0.19549919528561108,40,Medium close-up
1978.0,0.16672591529437325,0.14581629996096454,0.187544810509184,42,Medium close-up
1979.0,0.19697375926199065,0.17140579599389588,0.22343932607955827,35,Medium close-up
1980.0,0.18022921052000335,0.15782014521300888,0.20075392869154174,49,Medium close-up
1981.0,0.17335441783488983,0.15359279458400735,0.19436252160557124,52,Medium close-up
1982.0,0.19212459403768006,0.16665549574826533,0.22165276707644763,38,Medium close-up
1983.0,0.17983696581427738,0.15353693326908388,0.2034413944237106,42,Medium close-up
1984.0,0.19295083257739176,0.1723441285352649,0.21365221833389333,47,Medium close-up
1985.0,0.19986760210820292,0.1738086233072456,0.22562952877838308,46,Medium close-up
1986.0,0.2230990868073103,0.1892976279098994,0.2555489402836592,41,Medium close-up
1987.0,0.227583100909077,0.20528958409785342,0.24930344357955134,47,Medium close-up
1988.0,0.2187539375099279,0.19439902379479626,0.24294498708978604,46,Medium close-up
1989.0,0.23090903889960784,0.205511810280861,0.25685341437826176,44,Medium close-up
1990.0,0.242898600165612,0.21601647522148829,0.2705968051291452,43,Medium close-up
1991.0,0.2559479177727176,0.2286841438347551,0.2863012077632056,47,Medium close-up
1992.0,0.2388943420979839,0.2150129150156392,0.2639591638837834,44,Medium close-up
1993.0,0.2398220082524573,0.21470698922444822,0.2642577310326693,46,Medium close-up
1994.0,0.2520096051049282,0.22955071401302907,0.27224282893942175,46,Medium close-up
1995.0,0.2687373629218165,0.2392163157297826,0.29807442586383703,51,Medium close-up
1996.0,0.26282948266279377,0.2309118121489195,0.2922260707090539,45,Medium close-up
1997.0,0.2835429647214092,0.2524846381802404,0.313061103760951,45,Medium close-up
1998.0,0.26505361648817116,0.23355545269599928,0.2980969798286832,49,Medium close-up
1999.0,0.25122476709560115,0.2232877363658793,0.2810822615297944,47,Medium close-up
2000.0,0.27891582748710414,0.2550981980858312,0.3026199098497082,45,Medium close-up
2001.0,0.2686478772559103,0.238704242264574,0.2986712365550724,46,Medium close-up
2002.0,0.25743428280926245,0.2284402335978949,0.2847863725739374,48,Medium close-up
2003.0,0.255072566623606,0.22350059641151906,0.28806086683377563,49,Medium close-up
2004.0,0.24530133045305955,0.20849836443986042,0.27729375070101536,49,Medium close-up
2005.0,0.2615460240686262,0.2343299238154558,0.2916326348798118,48,Medium close-up
2006.0,0.22961249164017175,0.19220651300577518,0.2621765107312631,48,Medium close-up
2007.0,0.2239457357622101,0.19216424445561844,0.2544847819283013,49,Medium close-up
2008.0,0.21541740062901307,0.18792194894161487,0.2446547812659015,50,Medium close-up
2009.0,0.21809952933827495,0.18729583682892378,0.2480722994105302,45,Medium close-up
2010.0,0.2463508803710793,0.21150628017680126,0.28309694049471235,48,Medium close-up
2011.0,0.19858436622242337,0.17045739854353673,0.22606034707821868,46,Medium close-up
2012.0,0.2424903008792906,0.21135576838265058,0.27451153447330934,50,Medium close-up
2013.0,0.22973132667155585,0.19714155836299274,0.2628181364239107,48,Medium close-up
2014.0,0.2398914552808913,0.20899767599224436,0.2718055291165207,50,Medium close-up
2015.0,0.20659516495776908,0.17841037241413726,0.23386671982928658,43,Medium close-up
2016.0,0.23565588712717236,0.20533177947472556,0.26649502025005134,50,Medium close-up
2017.0,0.21315883916614733,0.1873547910287064,0.24008398031628847,48,Medium close-up
2018.0,0.21426173577346616,0.18780713328791765,0.24461454935212731,46,Medium close-up
2019.0,0.19863049834617177,0.17368774574092516,0.22449903343790323,58,Medium close-up
2020.0,0.23079801290846505,0.19814416072895707,0.26654464465118005,33,Medium close-up
2021.0,0.20479361660661502,0.1770493390001276,0.23523592146961234,41,Medium close-up
2022.0,0.22187709756460303,0.1890063039412287,0.2540927875097674,41,Medium close-up
2023.0,0.21016348436110543,0.18286442068186617,0.23935817045883465,44,Medium close-up
2024.0,0.19979674947705026,0.17296753413014068,0.22931283812752293,45,Medium close-up
2025.0,0.2009696553030245,0.16925011157046746,0.2316604190929625,32,Medium close-up
1921.0,0.2813038337602663,0.22377125193199382,0.3388364155885388,2,Medium
1922.0,0.2870363444640822,0.2443108027004002,0.3254920804320295,16,Medium
1923.0,0.32311787689087795,0.2817288088770182,0.3692470389974999,18,Medium
1924.0,0.33348258197622943,0.2864818606849283,0.38463282941357074,17,Medium
1925.0,0.28849449035001384,0.22915159184194298,0.34699195374859315,17,Medium
1926.0,0.3640806521884569,0.32472122548012894,0.40364450742844704,29,Medium
1927.0,0.40278089850065046,0.36417774855053875,0.43490613524227956,30,Medium
1928.0,0.43933203162882034,0.39563599148723216,0.4771098825379738,22,Medium
1929.0,0.4225824142263718,0.3790047578296562,0.4634484303807182,38,Medium
1930.0,0.4553728062234681,0.41435586369313526,0.4946115775278614,33,Medium
1931.0,0.4513050019446855,0.4160364988270649,0.4885808677147621,32,Medium
1932.0,0.5095706324493718,0.46953151562675816,0.5447190031849068,31,Medium
1933.0,0.4610154858857745,0.4304588482613609,0.4919459167367325,28,Medium
1934.0,0.4724679693594752,0.44985649084877316,0.4945284883305656,33,Medium
1935.0,0.4828494268484624,0.4549892524077443,0.5109380957485948,32,Medium
1936.0,0.4854600493380914,0.4573883863615887,0.5142819823507488,36,Medium
1937.0,0.46884624603557984,0.4384791373518674,0.5003471895937309,37,Medium
1938.0,0.48677528736863396,0.4588362374521395,0.5155672066106094,33,Medium
1939.0,0.46977060876784876,0.43175461403585635,0.5026900193852072,41,Medium
1940.0,0.49160768524933696,0.45069477979994693,0.5312305549584214,34,Medium
1941.0,0.4788552797424984,0.4520537641272675,0.5080372396389469,37,Medium
1942.0,0.4779267377358923,0.4415079279516797,0.5091411805426959,37,Medium
1943.0,0.4532109667654874,0.42469889509645775,0.479464474992735,38,Medium
1944.0,0.486788267908532,0.45795057839397374,0.5174918333082186,35,Medium
1945.0,0.4761325281505777,0.44604957337813594,0.5036160858126504,37,Medium
1946.0,0.49344601307713115,0.4649216286401622,0.5210555020397702,35,Medium
1947.0,0.48856454107321995,0.4591813172389309,0.5161368462963404,32,Medium
1948.0,0.48406761114574826,0.44482190825899354,0.5211939956622044,38,Medium
1949.0,0.4782750841307181,0.452909429318415,0.5030473947983943,36,Medium
1950.0,0.44129926346421405,0.40803406829036853,0.47514810713177563,33,Medium
1951.0,0.4343703319258251,0.40228236489715097,0.46956188527460613,36,Medium
1952.0,0.41186037549839943,0.37747471790645887,0.4433006646675228,36,Medium
1953.0,0.39775150659590686,0.36283132280987224,0.43301227005892595,33,Medium
1954.0,0.44538368675394724,0.40934511838915544,0.4808104895795979,37,Medium
1955.0,0.4482907680437571,0.3998503722194387,0.49613494823041226,38,Medium
1956.0,0.42366897250950447,0.39358471800279016,0.4573929250016134,35,Medium
1957.0,0.4505225737466565,0.4128866197090716,0.4871187344482793,31,Medium
1958.0,0.4620523220189445,0.406814613523307,0.505961648587889,35,Medium
1959.0,0.48145485569242163,0.4332745774665823,0.5286324651769768,31,Medium
1960.0,0.5026560882555194,0.47006541565366866,0.5328064651206845,39,Medium
1961.0,0.48616800104050606,0.4473711329114744,0.5250162316649452,32,Medium
1962.0,0.5012353565402681,0.4653129225747305,0.5365914068115462,41,Medium
1963.0,0.4876899868760748,0.4566400832170029,0.5205353301700927,39,Medium
1964.0,0.4854500201543129,0.45156005666753646,0.5205642183367826,38,Medium
1965.0,0.4395472530071594,0.4020382989725126,0.4769581493075204,31,Medium
1966.0,0.44234219057300384,0.4001813921249171,0.4754944857853974,37,Medium
1967.0,0.47126695235294425,0.4390851217109469,0.5036856158063651,32,Medium
1968.0,0.42132149779872097,0.3930815734808497,0.4475709931238116,35,Medium
1969.0,0.4104767954963787,0.3727481286534028,0.44747869949481334,26,Medium
1970.0,0.42546842356842873,0.39363019943298827,0.4575890782570774,31,Medium
1971.0,0.4133299658451566,0.38191680380296666,0.4413267243088653,33,Medium
1972.0,0.44118484301434696,0.4137210564228794,0.4678387768169878,38,Medium
1973.0,0.4300380398094361,0.4041722120026763,0.45314569809365146,36,Medium
1974.0,0.41016583833524917,0.37702391918304645,0.43936424640970556,37,Medium
1975.0,0.41934557950798046,0.3883672583062524,0.4460927397093711,37,Medium
1976.0,0.40989967559251284,0.3839216919430242,0.43795079319002694,37,Medium
1977.0,0.4262443021571535,0.4010956066885915,0.45087473398857875,40,Medium
1978.0,0.42306539925905845,0.39640168304928786,0.4508796519637642,42,Medium
1979.0,0.42730680812981486,0.3949995321651527,0.45923971554701026,35,Medium
1980.0,0.4211008936971227,0.40214907537541766,0.43979207654515634,49,Medium
1981.0,0.4234826622336134,0.40330687387710096,0.4448482419234562,52,Medium
1982.0,0.42370831664789965,0.39410537605474305,0.4555326014005195,38,Medium
1983.0,0.4172436385827693,0.3951726839586231,0.44297939326526276,42,Medium
1984.0,0.42061904530167166,0.3962026437259407,0.4444480839496185,47,Medium
1985.0,0.407746415505836,0.38528872206953996,0.42896608494313465,46,Medium
1986.0,0.39761316315974554,0.36881087591553924,0.4255117174221321,41,Medium
1987.0,0.42313417724334645,0.40287770755549385,0.4411285206722635,47,Medium
1988.0,0.4101325523108777,0.38325349594245767,0.4371997964574142,46,Medium
1989.0,0.4130976555034952,0.396353746573879,0.4289466792807438,44,Medium
1990.0,0.4036947248773028,0.3805067749591748,0.4286416822017152,43,Medium
1991.0,0.4017573035215122,0.3813127957380677,0.42166093634765855,47,Medium
1992.0,0.4176971088751444,0.39684987710250746,0.4384110960794814,44,Medium
1993.0,0.395337622130362,0.3759564711152176,0.4140382762602772,46,Medium
1994.0,0.39991959412352407,0.381398693658722,0.4202779096424861,46,Medium
1995.0,0.3837925892420165,0.3601014204025757,0.4079187165599278,51,Medium
1996.0,0.386308822759069,0.35939671826286806,0.41531347215852665,45,Medium
1997.0,0.3826481110729807,0.3585847739041286,0.4068342988022455,45,Medium
1998.0,0.37449089805389923,0.34484006481978347,0.40438582599202155,49,Medium
1999.0,0.3859955291856774,0.358988241811967,0.4105028981901128,47,Medium
2000.0,0.3893625255177136,0.36695254316115467,0.41253919588921134,45,Medium
2001.0,0.38492120880719993,0.35966391376931217,0.4110351213656934,46,Medium
2002.0,0.38239953745389754,0.3600177681848782,0.40608923551068293,48,Medium
2003.0,0.38244420801966306,0.35169672195488966,0.4150090314932335,49,Medium
2004.0,0.38733751310442366,0.36059140661521977,0.41413723968106053,49,Medium
2005.0,0.38308552919291045,0.3539011726158712,0.4130140652091148,48,Medium
2006.0,0.3834457304766765,0.3500381503332948,0.41757657377337254,48,Medium
2007.0,0.39950578234989326,0.37542595322267974,0.4256121166751594,49,Medium
2008.0,0.4038164256212253,0.3742000613073659,0.43647819440484453,50,Medium
2009.0,0.3948696013123677,0.3609225088516101,0.42699659408950086,45,Medium
2010.0,0.3858603268079741,0.3612535696737307,0.41244120507159887,48,Medium
2011.0,0.39089225728392213,0.359256295199198,0.4242264940067474,46,Medium
2012.0,0.37198705400779875,0.3468054759018307,0.396767870379914,50,Medium
2013.0,0.37051535076582925,0.34225448865560565,0.3951320737515418,48,Medium
2014.0,0.3848387797392757,0.3584971120340085,0.4082102948564187,50,Medium
2015.0,0.3979044081036508,0.3702788640324961,0.42674084322749184,43,Medium
2016.0,0.35650947852121,0.3274291981076392,0.38479034701113995,50,Medium
2017.0,0.36674561693825874,0.33386649124367596,0.39713784728156176,48,Medium
2018.0,0.40670673318079054,0.38005050693258957,0.4330365812576115,46,Medium
2019.0,0.39655741392665267,0.37362618456898533,0.41770350015328594,58,Medium
2020.0,0.43834811614098373,0.4097254031999001,0.4676617677512693,33,Medium
2021.0,0.38748237550881837,0.3659227319671757,0.40995007198815403,41,Medium
2022.0,0.399634203818248,0.3735797174097879,0.4299065948766611,41,Medium
2023.0,0.38255933611171894,0.35921814976984234,0.4052647345252954,44,Medium
2024.0,0.3749949469036194,0.34324760581349345,0.40437471584562446,45,Medium
2025.0,0.4004331039202635,0.3724178537045844,0.4323023068346788,32,Medium
1921.0,0.1992957243852797,0.18965790935788554,0.20893353941267387,2,Medium long
1922.0,0.22226726321359697,0.1855884297058619,0.2614845619367125,16,Medium long
1923.0,0.21887548495121628,0.19107814647226146,0.2469818121488013,18,Medium long
1924.0,0.2235180344406012,0.18979908075367494,0.25702154802265975,17,Medium long
1925.0,0.17906333332290897,0.1451471231775797,0.21796163186200887,17,Medium long
1926.0,0.19815502179356612,0.17850731950638785,0.2180092371661322,29,Medium long
1927.0,0.18708975820600873,0.1674624963124811,0.20709643170920333,30,Medium long
1928.0,0.16499918421401225,0.14578452038511017,0.18359263585156055,22,Medium long
1929.0,0.25696812016232995,0.23186219001852185,0.2816993094436936,38,Medium long
1930.0,0.27517805347766383,0.2504797267489533,0.3012597858617521,33,Medium long
1931.0,0.274335841400511,0.2516783977125653,0.29849901053271904,32,Medium long
1932.0,0.22894323553874626,0.20887430475527755,0.25002137494192217,31,Medium long
1933.0,0.2636024676021477,0.2279639478261297,0.298600869633199,28,Medium long
1934.0,0.2553004598769936,0.23627828756424216,0.2750680909451236,33,Medium long
1935.0,0.24925322194186633,0.22598608352078162,0.27115846034726887,32,Medium long
1936.0,0.2341118233298133,0.22097411788374638,0.24845026602542747,36,Medium long
1937.0,0.2198220763822083,0.20150895152298465,0.2404984463819786,37,Medium long
1938.0,0.24668982964496783,0.22886856262152663,0.2639241943498477,33,Medium long
1939.0,0.2285201067833927,0.2089925346174798,0.24807128180897917,41,Medium long
1940.0,0.2173955650458946,0.19334337533185209,0.24008027496954767,34,Medium long
1941.0,0.253709432998887,0.22964791815245153,0.28132231929103785,37,Medium long
1942.0,0.22046240812882958,0.19994652943714505,0.24104744522161356,37,Medium long
1943.0,0.22498372907298694,0.2019713031597309,0.2478087832074824,38,Medium long
1944.0,0.2414613019085176,0.2228912488554604,0.26009740447641777,35,Medium long
1945.0,0.2383520495503577,0.2187222253162142,0.2570876670472751,37,Medium long
1946.0,0.24110696201329987,0.2215129585948557,0.2631040173264077,35,Medium long
1947.0,0.2575866996367081,0.23422106902137554,0.2830861929863867,32,Medium long
1948.0,0.2267882408403945,0.20910041685484654,0.24323031013335447,38,Medium long
1949.0,0.2575823033925824,0.23315442175616705,0.2816583548087253,36,Medium long
1950.0,0.2860957872012361,0.25540887554352837,0.31611077925749115,33,Medium long
1951.0,0.2513279798933151,0.22395837764079227,0.2788999373411204,36,Medium long
1952.0,0.2508514386320528,0.228529285766818,0.2746073804418503,36,Medium long
1953.0,0.25576370758712497,0.22906078240906527,0.27985119075128445,33,Medium long
1954.0,0.24380631142245907,0.21949627118231435,0.26723423315244615,37,Medium long
1955.0,0.24494820853482827,0.21102882945440574,0.27736412523867876,38,Medium long
1956.0,0.25776407291335635,0.2251638633099667,0.2922693521728752,35,Medium long
1957.0,0.23587487008356886,0.20458847603836744,0.2691210663346899,31,Medium long
1958.0,0.22355715156913705,0.19194282177533195,0.2569500779505392,35,Medium long
1959.0,0.21446687347335677,0.18879520403711256,0.24136960158234003,31,Medium long
1960.0,0.2122919774018331,0.1814869999834496,0.24373022741390674,39,Medium long
1961.0,0.18389887006361694,0.15935121000458002,0.21128177788813232,32,Medium long
1962.0,0.1737479546839631,0.15577689028758007,0.19334961316325597,41,Medium long
1963.0,0.17530782854445792,0.15572571955014552,0.19473890570410415,39,Medium long
1964.0,0.16803142868608284,0.14743854020627056,0.19070741227520413,38,Medium long
1965.0,0.1631238704606597,0.1421918851400862,0.1837275205437472,31,Medium long
1966.0,0.14659618549439393,0.12854376657110086,0.16559569666823182,37,Medium long
1967.0,0.145851268753489,0.12639855257919677,0.16483968411219566,32,Medium long
1968.0,0.1487750176946265,0.1296610018650735,0.17011488461543253,35,Medium long
1969.0,0.14057731497822462,0.12145150851628143,0.15970871481539364,26,Medium long
1970.0,0.1579663763991534,0.14022871903658898,0.17693675447718768,31,Medium long
1971.0,0.13520282760462649,0.11852386029688652,0.15273334501724672,33,Medium long
1972.0,0.14514530594921088,0.12876346181701842,0.1627413529128064,38,Medium long
1973.0,0.13466574120507638,0.11984806383564409,0.14957926312427788,36,Medium long
1974.0,0.14940314943113572,0.13409181173871776,0.16492341383802966,37,Medium long
1975.0,0.15832846538265088,0.14207701008561407,0.17660098088349266,37,Medium long
1976.0,0.14043790699828285,0.12734793598376587,0.1540509268044227,37,Medium long
1977.0,0.14454506631781902,0.12833931057019488,0.16183560517398016,40,Medium long
1978.0,0.1704079480417853,0.14945183735230066,0.1920173462668875,42,Medium long
1979.0,0.1388035371450614,0.12564917433238862,0.15251689704603758,35,Medium long
1980.0,0.15265283698672225,0.14078458014042247,0.16630804783980477,49,Medium long
1981.0,0.14044520280703077,0.1273263635988432,0.15400064066879643,52,Medium long
1982.0,0.13568875490679416,0.11573576358040664,0.15476091992559451,38,Medium long
1983.0,0.1407240669533381,0.124813884754374,0.1567051428159508,42,Medium long
1984.0,0.14004450048824077,0.12479918243153693,0.1539791341822016,47,Medium long
1985.0,0.12929901602443375,0.11635620476768502,0.14205883397503583,46,Medium long
1986.0,0.13424709477145988,0.11931936164976727,0.15134636610143765,41,Medium long
1987.0,0.13139374579955074,0.11945553397772946,0.1439955664978068,47,Medium long
1988.0,0.12420050599972507,0.10933156162274747,0.13881241973164393,46,Medium long
1989.0,0.12276051240615965,0.11059297698192624,0.1357458850661906,44,Medium long
1990.0,0.11459890439158492,0.10167586215769436,0.12730606806015768,43,Medium long
1991.0,0.1178912713237103,0.10625526707139062,0.12976740709214826,47,Medium long
1992.0,0.12173102810918675,0.11006218804063261,0.13345192374305323,44,Medium long
1993.0,0.11953494459747407,0.10609804109939086,0.13267606618913327,46,Medium long
1994.0,0.10989426070288898,0.09928029447853372,0.12153494977521792,46,Medium long
1995.0,0.10564112767205296,0.09294024860781197,0.11722759387308973,51,Medium long
1996.0,0.10341944990094487,0.09061923255652095,0.11699167362870022,45,Medium long
1997.0,0.09021160858496194,0.07750566287944399,0.10175465046283742,45,Medium long
1998.0,0.08568500777322421,0.07529047971932029,0.09583720107776894,49,Medium long
1999.0,0.094198005347907,0.08385636281313807,0.10644150078069826,47,Medium long
2000.0,0.09057630112552531,0.08042147505182416,0.10130946547791532,45,Medium long
2001.0,0.08647247444010521,0.07654476066139458,0.09737272375900824,46,Medium long
2002.0,0.0886860859855142,0.07718415772177312,0.10132892316372033,48,Medium long
2003.0,0.09955443064247095,0.08530980080139357,0.11494162655559613,49,Medium long
2004.0,0.09445998531456265,0.08302438585850858,0.10661769277225816,49,Medium long
2005.0,0.08583626748005757,0.07500301170167653,0.09671317465945602,48,Medium long
2006.0,0.09317609074541562,0.07879588867057555,0.11018902010374419,48,Medium long
2007.0,0.09718007568609172,0.08296607754507428,0.11043593174876418,49,Medium long
2008.0,0.08925946870102665,0.07868004598422321,0.10215081125296972,50,Medium long
2009.0,0.08366410085525725,0.06970406259724078,0.09741953205037243,45,Medium long
2010.0,0.07907830569528895,0.06732327744212364,0.09288634674799441,48,Medium long
2011.0,0.08757543964477014,0.07567747725558249,0.10096391684368279,46,Medium long
2012.0,0.08711539384075952,0.07473153106527618,0.0996445939717852,50,Medium long
2013.0,0.08044470721768021,0.06822341191218816,0.09459317196863368,48,Medium long
2014.0,0.08019779472241238,0.06809484172635476,0.09440615910397634,50,Medium long
2015.0,0.08909105482609476,0.07785080036204876,0.10096932960684157,43,Medium long
2016.0,0.07352505363407735,0.0643296503269592,0.08245261528337566,50,Medium long
2017.0,0.08160622332631,0.06968288860065044,0.09515966362889908,48,Medium long
2018.0,0.07799453341759956,0.06869237099631402,0.08728748747806639,46,Medium long
2019.0,0.08829621123056192,0.07836705864829567,0.09867224651479686,58,Medium long
2020.0,0.07713522545191252,0.06466165096704844,0.0907523201617585,33,Medium long
2021.0,0.06920060951063564,0.061252491785957916,0.0782044963377783,41,Medium long
2022.0,0.07842059424165801,0.06894694206422533,0.08894740951805333,41,Medium long
2023.0,0.07807894967760375,0.06955175467345104,0.08796084082099188,44,Medium long
2024.0,0.08593643253890258,0.0763823137948397,0.09643569261753072,45,Medium long
2025.0,0.07780313942592801,0.06883062473972196,0.08704951956706716,32,Medium long
1921.0,0.4228847999884194,0.353837606159219,0.49193199381761976,2,Long
1922.0,0.41276472244795326,0.3507252010834567,0.4739906451912386,16,Long
1923.0,0.3965416005238224,0.33750770826070664,0.45055541622832046,18,Long
1924.0,0.38605274065455647,0.3199890166374571,0.44499145862897244,17,Long
1925.0,0.46161708427000187,0.3877795271154242,0.5380433979252665,17,Long
1926.0,0.36459413003473407,0.31798522139334684,0.40909385282245336,29,Long
1927.0,0.309416276841387,0.26987051230655595,0.35437406458231413,30,Long
1928.0,0.2676169372883988,0.23272797230760323,0.3140735526325377,22,Long
1929.0,0.272423373240454,0.23554620105697824,0.31130971210100755,38,Long
1930.0,0.22037664808716612,0.18619865718320686,0.25620384669291013,33,Long
1931.0,0.21331512319566454,0.1782282310804052,0.25077231013669493,32,Long
1932.0,0.18210682417424465,0.14508396168373622,0.22538196059801893,31,Long
1933.0,0.19761892722948085,0.16652315520929512,0.23044481135022604,28,Long
1934.0,0.1791874319025995,0.1573942194115723,0.20329065260877682,33,Long
1935.0,0.1822158950062659,0.15747176067217025,0.20816364713764074,32,Long
1936.0,0.19529357207569642,0.16878127029450557,0.22442101133158118,36,Long
1937.0,0.21878854375957346,0.1862438555823961,0.252778265278757,37,Long
1938.0,0.18145197821252892,0.15906693161181915,0.20616043463983494,33,Long
1939.0,0.20619289457292136,0.16983697682479754,0.2490479399539053,41,Long
1940.0,0.19696010558536298,0.15734678989484913,0.24305297594755979,34,Long
1941.0,0.1772163923179108,0.15816144870295573,0.20066680837621478,37,Long
1942.0,0.20809073660380661,0.17461070638303086,0.2577415309833218,37,Long
1943.0,0.21941791779933714,0.19251393876850417,0.245635192824032,38,Long
1944.0,0.19377388613573818,0.16917180586045819,0.2192151404483884,35,Long
1945.0,0.19432907664769897,0.1709462357154892,0.22050454439283917,37,Long
1946.0,0.18907707262569767,0.16407951142637858,0.2190145675251874,35,Long
1947.0,0.177580683578328,0.15531003269074353,0.1989504270629568,32,Long
1948.0,0.20386844832846754,0.17095731957774576,0.23715437802310876,38,Long
1949.0,0.18942653560178246,0.16557993823552022,0.21582946997888744,36,Long
1950.0,0.21947405311777832,0.1922826786474463,0.25162720257503035,33,Long
1951.0,0.23986232128128973,0.20936492888319097,0.2732959250524277,36,Long
1952.0,0.25957143107885533,0.2294060659532765,0.2941439307189629,36,Long
1953.0,0.2727085208790569,0.24069509189631605,0.30549780492324236,33,Long
1954.0,0.22747557152690662,0.1923443319897984,0.26019383015076714,37,Long
1955.0,0.2404282416063041,0.20106779053106436,0.29257525215254115,38,Long
1956.0,0.23992604705330622,0.21153006691629353,0.26784039174699303,35,Long
1957.0,0.2054899128969861,0.17586736181306137,0.23995484740316517,31,Long
1958.0,0.20865579543981994,0.16486331770248672,0.26734067132651396,35,Long
1959.0,0.18727809865088063,0.15480834836791507,0.22296885089889923,31,Long
1960.0,0.17529531314186736,0.15354041564885154,0.20026639831229723,39,Long
1961.0,0.2024177905568586,0.1614628018299019,0.2472648378806444,32,Long
1962.0,0.18423318439667682,0.15542897136784145,0.21697559370831185,41,Long
1963.0,0.20060332305295306,0.17345305481002732,0.2313674729116102,39,Long
1964.0,0.194212209272866,0.16659411733442253,0.22370996341463564,38,Long
1965.0,0.22737657463902183,0.19471874492987654,0.259914405518666,31,Long
1966.0,0.23471913691325827,0.1922999629272332,0.2855740368515987,37,Long
1967.0,0.19776148693962675,0.17472883675394194,0.22647438610381587,32,Long
1968.0,0.20689119536699385,0.1800011971257703,0.23540474462209093,35,Long
1969.0,0.21483826276209847,0.17022663562823165,0.2712311534767356,26,Long
1970.0,0.18106578837417273,0.1539260215581111,0.21206322702502323,31,Long
1971.0,0.1935287683446334,0.16819486356461563,0.21927437067141936,33,Long
1972.0,0.17870621442642512,0.1626321823553516,0.1957493483005702,38,Long
1973.0,0.20100296160505976,0.1771657512401262,0.22953922713721653,36,Long
1974.0,0.2084247046317267,0.17748623856324935,0.24529129766826718,37,Long
1975.0,0.19368247913932748,0.17141659382085617,0.21853346575501503,37,Long
1976.0,0.20443330794926964,0.1812954020843358,0.23000099541262617,37,Long
1977.0,0.20027569054105276,0.17167396060455428,0.2305965297916089,40,Long
1978.0,0.19894721848965796,0.17227567538103747,0.22887120426868487,42,Long
1979.0,0.1821460831672294,0.16441370583829323,0.20094648850795757,35,Long
1980.0,0.2022065256971576,0.1837539678670535,0.2207972459577959,49,Long
1981.0,0.211828154939373,0.1922162486821983,0.2334821458427389,52,Long
1982.0,0.1882382828260419,0.16372438761507943,0.21389083139880302,38,Long
1983.0,0.20177949209942728,0.17874803185684762,0.22599802705118363,42,Long
1984.0,0.19128536699983442,0.17429829172368916,0.20959654162084612,47,Long
1985.0,0.20489971081523772,0.1803965854341264,0.23487898820295808,46,Long
1986.0,0.18496666759001804,0.1567608966923958,0.22475300351449948,41,Long
1987.0,0.1643517740578783,0.1499440294600289,0.18024244689582322,47,Long
1988.0,0.18852511742473657,0.157663743640592,0.22732400263925825,46,Long
1989.0,0.17389148828748102,0.15522350015267,0.19265565094333478,44,Long
1990.0,0.1659269240243775,0.14772681439282473,0.18532941367201458,43,Long
1991.0,0.16394131829264844,0.14648693474574964,0.1851616729160216,47,Long
1992.0,0.1618430372917684,0.1428068415873452,0.18117963434749693,44,Long
1993.0,0.1789142878156532,0.15993421270484157,0.20142069446974392,46,Long
1994.0,0.16638634555482495,0.1483600245751605,0.18619912940099675,46,Long
1995.0,0.16644533861045036,0.14537847265607776,0.1914936136986021,51,Long
1996.0,0.1698775908320089,0.14560627467227436,0.1975327186368775,45,Long
1997.0,0.1523285791902035,0.13712813798207402,0.1707886842432433,45,Long
1998.0,0.19184623228754985,0.15516076109385768,0.23423644399204963,49,Long
1999.0,0.18203366186985612,0.15483346378100007,0.21247942834002126,47,Long
2000.0,0.15296988826292357,0.133283968953963,0.17478900551699697,45,Long
2001.0,0.1735106886887193,0.14906741803890142,0.20267689039362352,46,Long
2002.0,0.18288053896719866,0.16028115595914713,0.21064702689248263,48,Long
2003.0,0.17111812236249288,0.1491309898501373,0.1944744909290084,49,Long
2004.0,0.18394514080025634,0.15767861651957965,0.21691873145304919,49,Long
2005.0,0.1823682555966184,0.15091542621762566,0.21643462729618657,48,Long
2006.0,0.20834094136372472,0.1691871935599786,0.253023371994718,48,Long
2007.0,0.18424486962595166,0.16223296286269662,0.2075049115324296,49,Long
2008.0,0.1884168701629722,0.15943852563110206,0.21810681684949787,50,Long
2009.0,0.20160033525752694,0.1690226853893744,0.2398257281717348,45,Long
2010.0,0.188265197634118,0.1650108912140649,0.21504519299634162,48,Long
2011.0,0.2215172313338201,0.18636757521705477,0.2616369446301013,46,Long
2012.0,0.1864925048331453,0.16171261759517414,0.21368484317128816,50,Long
2013.0,0.192977494905373,0.16227990971634298,0.22525550887958637,48,Long
2014.0,0.1816174248746359,0.1611998932509956,0.20777764197580306,50,Long
2015.0,0.19662202815565455,0.16479727183032292,0.23348031862227778,43,Long
2016.0,0.2160713511880864,0.18049968792934684,0.25488240730851724,50,Long
2017.0,0.21598064566047256,0.18243464079387875,0.2523705145655756,48,Long
2018.0,0.18158700750188964,0.15415257796493825,0.21110300593137418,46,Long
2019.0,0.20135175036075895,0.1751545377851493,0.23230731308841382,58,Long
2020.0,0.1486615587968201,0.12792572563288346,0.17226970998761487,33,Long
2021.0,0.216096287420008,0.1927857735176213,0.24449298879952652,41,Long
2022.0,0.18508921263859918,0.15795762436185304,0.21378243110452155,41,Long
2023.0,0.20838900403004842,0.18006320606161966,0.23706592767403797,44,Long
2024.0,0.21793647912515265,0.18823942301585736,0.24854173461958196,45,Long
2025.0,0.20122501707278798,0.17764186284202063,0.22860631183711683,32,Long
