stratum,year,genre,animated,live_action
popular,1937.0,Adventure,snow.white.and._tt0029583,prince.and.the._tt0029440
popular,1939.0,Adventure,gullivers.trave_tt0031397,only.angels.hav_tt0031762
popular,1940.0,Adventure,pinocchio_tt0032910,new.moon_tt0032840
popular,1942.0,Adventure,bambi_tt0034492,black.swan_tt0034522
popular,1951.0,Adventure,alice.in.wonder_tt0043274,african.queen_tt0043265
popular,1955.0,Adventure,lady.and.the.tr_tt0048280,court.jester_tt0049096
popular,1959.0,Adventure,sleeping.beauty_tt0053285,north.by.northw_tt0053125
popular,1963.0,Adventure,sword.in.the.st_tt0057546,ugly.american_tt0056632
popular,1967.0,Adventure,jungle.book_tt0061852,camelot_tt0061439
popular,1969.0,Comedy,a.boy.named.cha_tt0064107,putney.swope_tt0064855
popular,1973.0,Adventure,robin.hood_tt0070608,lost.horizon_tt0070337
popular,1977.0,Adventure,petes.dragon_tt0076538,last.remake.of._tt0076297
popular,1977.0,Adventure,rescuers_tt0076618,deep_tt0075925
popular,1978.0,Adventure,lord.of.the.rin_tt0077869,wiz_tt0078504
popular,1981.0,Adventure,fox.and.the.hou_tt0082406,pursuit.of.d.b._tt0082958
popular,1985.0,Action,black.cauldron_tt0088814,commando
popular,1985.0,Adventure,care.bears.movi_tt0088885,goonies
popular,1986.0,Adventure,an.american.tai_tt0090633,star_trek_4
popular,1986.0,Adventure,great.mouse.det_tt0091149,stand_by_me
popular,1988.0,Adventure,land.before.tim_tt0095489,bear_tt0095800
popular,1989.0,Adventure,little.mermaid_tt0097757,back_to_the_future_2_fs
popular,1992.0,Adventure,aladdin_tt0103639,honey_i_blew_up_the_kid_fs
popular,1993.0,Adventure,nightmare.befor_tt0107688,robin.hood.men._tt0107977
popular,1994.0,Adventure,lion.king_tt0110357,river.wild_tt0110997
popular,1995.0,Adventure,a.goofy.movie_tt0113198,apollo13
popular,1995.0,Adventure,pocahontas_tt0114148,ace.ventura.when.nature.calls_tt0112281
popular,1995.0,Adventure,toy.story_tt0114709,jumanji_tt0113497
popular,1996.0,Adventure,beavis.and.butt_tt0115641,ghost.and.the.d_tt0116409
popular,1996.0,Adventure,space.jam_tt0117705,101_dalmations
popular,1996.0,Drama,hunchback.of.no_tt0116583,romeo..juliet_tt0117509
popular,1997.0,Adventure,anastasia_tt0118617,austin.powers.i_tt0118655
popular,1998.0,Action,pokmon.the.firs_tt0190641,siege_tt0133952
popular,1998.0,Adventure,a.bugs.life_tt0120623,x_files
popular,1998.0,Adventure,antz_tt0120587,parent_trap
popular,1999.0,Adventure,tarzan_tt0120855,galaxy.quest_tt0177789
popular,1999.0,Adventure,toy.story.2_tt0120363,stuart_little
popular,1999.0,Comedy,south.park.bigg_tt0158983,deuce.bigalow.m_tt0205000
popular,2000.0,Adventure,chicken.run_tt0120630,castaway
popular,2000.0,Adventure,dinosaur_tt0130623,snow.day_tt0184907
popular,2000.0,Adventure,road.to.el.dora_tt0138749,mission.to.mars_tt0183523
popular,2001.0,Action,atlantis.the.lo_tt0230011,cats_and_dogs
popular,2001.0,Adventure,monsters.inc._tt0198781,mexican_tt0236493
popular,2001.0,Adventure,shrek_tt0126029,harry_potter_sorcerers_stone
popular,2002.0,Adventure,ice.age_tt0268380,scooby_doo
popular,2002.0,Adventure,lilo..stitch_tt0275847,stuart.little.2_tt0243585
popular,2002.0,Adventure,spirit.stallion_tt0166813,snow.dogs_tt0281373
popular,2003.0,Adventure,brother.bear_tt0328880,big.fish_tt0319061
popular,2003.0,Adventure,finding.nemo_tt0266543,elf
popular,2004.0,Action,incredibles_tt0317705,man.on.fire_tt0328107
popular,2004.0,Adventure,polar.express_tt0338348,scooby_doo_2
popular,2004.0,Adventure,shark.tale_tt0307453,harry_potter_azkaban
popular,2004.0,Adventure,shrek.2_tt0298148,garfield_tt0356634
popular,2004.0,Adventure,spongebob.squar_tt0345950,lemony_snicket
popular,2005.0,Adventure,chicken.little_tt0371606,harry_potter_goblet_of_fire
popular,2005.0,Adventure,madagascar_tt0351283,narnia
popular,2005.0,Adventure,robots_tt0358082,herbie.fully.lo_tt0400497
popular,2005.0,Adventure,wallace..gromit_tt0312004,are_we_there_yet
popular,2005.0,Comedy,corpse.bride_tt0121164,kicking..scream_tt0384642
popular,2006.0,Action,flushed.away_tt0424095,poseidon_tt0409182
popular,2006.0,Adventure,barnyard_tt0414853,santa_clause_3
popular,2006.0,Adventure,cars_tt0317219,night_at_the_museum
popular,2006.0,Adventure,happy.feet_tt0366548,pink_panther
popular,2006.0,Adventure,ice.age.the.mel_tt0438097,8_below
popular,2006.0,Adventure,open.season_tt0400717,rv
popular,2006.0,Comedy,monster.house_tt0385880,click
popular,2007.0,Action,beowulf_tt0442933,spiderman_3
popular,2007.0,Action,tmnt_tt0453556,wild_hogs
popular,2007.0,Adventure,alvin.and.the.c_tt0952640,bucket_list
popular,2007.0,Adventure,bee.movie_tt0389790,golden.compass_tt0385752
popular,2008.0,Action,kung.fu.panda_tt0441773,hancock
popular,2008.0,Adventure,bolt_tt0397892,happening_tt0949731
popular,2008.0,Adventure,horton.hears.a._tt0451079,beverly_hills_chihuahua
popular,2008.0,Adventure,madagascar.esca_tt0479952,day.the.earth.s_tt0970416
popular,2009.0,Action,gforce_tt0436339,law.abiding.cit_tt1197624
popular,2009.0,Action,monsters.vs..al_tt0892782,2012m
popular,2009.0,Adventure,a.christmas.car_tt1067106,inglourious_basterds
popular,2009.0,Adventure,alvin.and.the.c_tt1231580,night_at_the_museum_battle_of_the_smithsonian
popular,2009.0,Adventure,cloudy.with.a.c_tt0844471,where.the.wild._tt0386117
popular,2009.0,Adventure,ice.age.dawn.of_tt1080016,twilight_new_moon
popular,2009.0,Drama,coraline_tt0327597,obsessed_tt1198138
popular,2010.0,Action,how.to.train.yo_tt0892769,karate_kid_2010
popular,2010.0,Action,megamind_tt1001526,expendables
popular,2010.0,Adventure,despicable.me_tt1323594,harry_potter_deathly_hallows_1
popular,2010.0,Adventure,shrek.forever.a_tt0892791,percy.jackson.._tt0814255
popular,2010.0,Adventure,tangled_tt0398286,chronicles.of.n_tt0980970
popular,2010.0,Adventure,toy.story.3_tt0435761,alice_in_wonderland
popular,2011.0,Action,kung.fu.panda.2_tt1302011,captain_america
popular,2011.0,Action,puss.in.boots_tt0448694,fast_five
popular,2011.0,Action,rango_tt1192628,transformers_dark_of_the_moon
popular,2011.0,Adventure,alvin.and.the.c_tt1615918,harry_potter_deathly_hallows_2
popular,2011.0,Adventure,cars.2_tt1216475,muppets_tt1204342
popular,2011.0,Adventure,gnomeo..juliet_tt0377981,twilight_breaking_dawn_1
popular,2012.0,Action,brave_tt1217209,bourne_legacy
popular,2012.0,Action,rise.of.the.gua_tt1446192,battleship_tt1440129
popular,2012.0,Adventure,ice.age.contine_tt1667889,chronicle_tt1706593
popular,2012.0,Adventure,lorax_tt1482459,mirror.mirror_tt1667353
popular,2012.0,Adventure,madagascar.3.eu_tt1277953,prometheus
popular,2012.0,Adventure,wreckit.ralph_tt1772341,twilight_breaking_dawn_2
popular,2012.0,Comedy,hotel.transylva_tt0837562,magic.mike_tt1915581
popular,2013.0,Action,epic_tt0848537,fast_and_furious_6
popular,2013.0,Adventure,cloudy.with.a.c_tt1985966,oz_the_great_and_powerful
popular,2013.0,Adventure,croods_tt0481499,hobbit_desolation_of_smaug
popular,2014.0,Action,big.hero.6_tt2245084,american_sniper
popular,2014.0,Action,how.to.train.yo_tt1646971,lets.be.cops_tt1924435
popular,2014.0,Action,lego.movie_tt1490017,divergent
popular,2014.0,Action,tmnt_2014,transformers_age_of_extinction
popular,2014.0,Adventure,mr..peabody..sh_tt0864835,hobbit_battle_of_the_five_armies
popular,2014.0,Adventure,nut.job_tt1821658,maleficent
popular,2014.0,Adventure,rio.2_tt2357291,paddington_tt1109624
popular,2015.0,Action,good.dinosaur_tt1979388,force_awakens
popular,2015.0,Adventure,home_tt2224026,martian
popular,2015.0,Adventure,hotel.transylva_tt2510894,goosebumps_tt1051904
popular,2015.0,Adventure,inside.out_tt2096673,revenant
popular,2015.0,Adventure,minions_tt2293640,vacation_tt1524930
popular,2015.0,Adventure,peanuts.movie_tt2452042,cinderella
popular,2016.0,Action,angry.birds.mov_tt1985949,petes.dragon_tt2788732
popular,2016.0,Action,jungle_book,suicide_squad
popular,2016.0,Action,kung.fu.panda.3_tt2267968,captain_america_civil_war
popular,2016.0,Action,zootopia_tt2948356,ghostbusters_2016
popular,2016.0,Adventure,finding.dory_tt2277860,fantastic_beasts
popular,2016.0,Adventure,ice.age.collisi_tt3416828,miss_peregrine
popular,2016.0,Adventure,moana_tt3521164,alice.through.t_tt2567026
popular,2016.0,Comedy,sing_tt3470600,la_la_land
popular,2017.0,Action,captain.underpa_tt2091256,logan
popular,2017.0,Action,lego.batman.mov_tt4116284,transformers_last_knight
popular,2017.0,Action,lego.ninjago.mo_tt3014284,baby_driver
popular,2017.0,Adventure,boss.baby_tt3874544,a.dogs.purpose_tt1753383
popular,2017.0,Adventure,cars.3_tt3606752,girls_trip
popular,2017.0,Adventure,coco_tt2380307,beauty_and_the_beast
popular,2018.0,Action,incredibles.2_tt3606756,aquaman
popular,2018.0,Action,spiderman.into._tt4633694,rampage_tt2231461
popular,2018.0,Adventure,hotel.transylva_tt5220122,christopher.rob_tt4575576
popular,2018.0,Adventure,peter_rabbit,a.wrinkle.in.ti_tt1620680
popular,2018.0,Adventure,ralph.breaks.th_tt5848272,mary_poppins_returns
popular,2018.0,Adventure,smallfoot_tt6182908,fantastic_beasts_grindelwald
popular,2018.0,Comedy,grinch_tt2709692,blockers_tt2531344
popular,2019.0,Action,how.to.train.yo_tt2386490,midway_tt6924650
popular,2019.0,Action,spies.in.disgui_tt5814534,terminator.dark_tt6450804
popular,2019.0,Adventure,abominable_tt6324278,scary.stories.t_tt3387520
popular,2019.0,Adventure,frozen.ii_tt4520988,maleficent_mistress_of_evil
popular,2019.0,Adventure,lego.movie.2.th_tt3513498,detective_pikachu
popular,2019.0,Adventure,lion.king_tt6105098,dumbo
popular,2019.0,Adventure,secret.life.of._tt5113040,aladdin
popular,2019.0,Adventure,toy.story.4_tt1979376,good.boys_tt6977338
popular,2019.0,Comedy,addams.family_tt1620981,knives_out
popular,2019.0,Drama,weathering.with_tt9426210,parasite
popular,2020.0,Adventure,croods.a.new.ag_tt2850386,dolittle
popular,2020.0,Adventure,onward_tt7146812,call_of_the_wild
popular,2021.0,Action,paw.patrol.the._tt11832046,dont.breathe.2_tt6246322
popular,2021.0,Action,raya.and.the.la_tt5109280,black.widow_tt3480822
popular,2021.0,Adventure,addams.family.2_tt11125620,cruella_tt3228774
popular,2021.0,Adventure,boss.baby.2.fam_tt6932874,clifford.the.bi_tt2397461
popular,2021.0,Adventure,peter_rabbit_2,ghostbusters.afterlife_tt4513678
popular,2021.0,Adventure,rons.gone.wrong_tt7504818,green.knight_tt9243804
popular,2022.0,Action,dc.league.of.su_tt8912936,unbearable.weig_tt11291274
popular,2022.0,Action,lightyear_tt10298810,ambulance_tt4998632
popular,2022.0,Action,puss.in.boots.t_tt3915174,bullet.train_tt12593682
popular,2022.0,Action,strange.world_tt10298840,northman_tt11138512
popular,2022.0,Adventure,bad.guys_tt8115900,lyle.lyle.croco_tt14668630
popular,2022.0,Adventure,bobs.burgers.mo_tt7466442,fantastic.beast_tt4123432
popular,2023.0,Action,paw.patrol.the._tt15837338,marvels_tt10676048
popular,2023.0,Action,spiderman.acros_tt9362722,mission.impossi_tt9603212
popular,2023.0,Action,teenage.mutant._tt8589698,transformers.ri_tt5090568
popular,2023.0,Adventure,elemental_tt15789038,little.mermaid_tt5971474
popular,2023.0,Adventure,migration_tt6495056,barbie_tt1517268
popular,2023.0,Adventure,super.mario.bro_tt6718170,wonka_tt6166392
popular,2024.0,Action,kung.fu.panda.4_tt21692408,madame.web_tt11057302
popular,2024.0,Action,transformers.a._tt8864596,beekeeper_tt15314262
popular,2024.0,Adventure,despicable.me.4_tt7510222,best.christmas._tt2347285
popular,2024.0,Adventure,garfield_tt5779228,ghostb_tt21235248
popular,2024.0,Adventure,inside.out.2_tt22022452,paddington.in.p_tt5822536
popular,2024.0,Comedy,imaginary.frien_tt11152168,challengers_tt16426418
popular,2025.0,Action,bad.guys.2_tt30017619,mission.impossi_tt9603208
popular,2025.0,Action,dog.man_tt10954718,fantastic.four._tt10676052
popular,2025.0,Action,zootopia.2_tt26443597,sinners_tt31193180
popular,2025.0,Adventure,elio_tt4900148,snow.white_tt6208148
prestige,2007.0,Biography,persepolis_tt0808417,diving.bell.and_tt0401383
prestige,2008.0,Biography,waltz.with.bash_tt1185616,changeling_tt0824747
prestige,2009.0,Adventure,fantastic.mr..f_tt0432283,sin.nombre_tt1127715
prestige,2011.0,Action,adventures.of.t_tt0983193,drive_tt0780504
prestige,2011.0,Adventure,arthur.christma_tt1430607,war.horse_tt1568911
prestige,2012.0,Adventure,paranorman_tt1623288,moonrise.kingdo_tt1748122
prestige,2012.0,Comedy,frankenweenie_tt1142977,frances.ha_tt2347569
prestige,2015.0,Comedy,anomalisa_tt2401878,diary.of.a.teen_tt3172532
prestige,2016.0,Action,kubo.and.the.tw_tt4302938,elle_tt3716530
prestige,2016.0,Comedy,my.life.as.a.zu_tt2321405,toni.erdmann_tt4048272
prestige,2017.0,Drama,breadwinner_tt3901826,rider_tt6217608
prestige,2017.0,Drama,loving.vincent_tt3262342,shape.of.water_tt5580390
prestige,2021.0,Biography,flee_tt8430054,belfast_tt12789558
