id,title,year,rho
bullets.or.ball_tt0027407,Bullets or Ballots,1936,1.0
life_tt0123964,Life,1999,1.0
never.so.few_tt0053108,Never So Few,1959,1.0
psycho_tt0054215,Psycho,1960,1.0
tiger.shark_tt0023594,Tiger Shark,1932,1.0
on.the.beach_tt0053137,On the Beach,1959,0.991031208965115
back.street_tt0033365,Back Street,1941,0.9642857142857145
cloak.and.dagge_tt0038417,Cloak and Dagger,1946,0.9642857142857145
great.expectati_tt0038574,Great Expectations,1946,0.9642857142857145
ia.Manslaughter#1922_tt0013372,Manslaughter,1922,0.9642857142857145
ia.metropolis-1927-bdrip-1080p-x-265-dts-hd-ma-5.1-d-0ct-0r-lew-sev_tt0017136,Metropolis,1927,0.9642857142857145
ia.TheFrontPage1931AdolpheMenjouPatOBrienLewismiles_tt0021890,The Front Page,1931,0.9642857142857145
la.ronde_tt0042906,La Ronde,1950,0.9642857142857145
le.million_tt0022150,Le Million,1931,0.9642857142857145
letter.from.an._tt0040536,Letter from an Unknown Woman,1948,0.9642857142857145
man.on.the.moon_tt0125664,Man on the Moon,1999,0.9642857142857145
man.who.knew.to_tt0025452,The Man Who Knew Too Much,1934,0.9642857142857145
man.who.knew.to_tt0049470,The Man Who Knew Too Much,1956,0.9642857142857145
morocco_tt0021156,Morocco,1930,0.9642857142857145
north.by.northw_tt0053125,North by Northwest,1959,0.9642857142857145
notorious_tt0038787,Notorious,1946,0.9642857142857145
rear.window_tt0047396,Rear Window,1954,0.9642857142857145
rope_tt0040746,Rope,1948,0.9642857142857145
strangers.on.a._tt0044079,Strangers on a Train,1951,0.9642857142857145
suddenly.last.s_tt0053318,"Suddenly, Last Summer",1959,0.9642857142857145
they.drive.by.n_tt0033149,They Drive by Night,1940,0.9642857142857145
vertigo_tt0052357,Vertigo,1958,0.9642857142857145
bringing.up.bab_tt0029947,Bringing Up Baby,1938,0.9549937104572924
dial.m.for.murd_tt0046912,Dial M for Murder,1954,0.9549937104572924
only.angels.hav_tt0031762,Only Angels Have Wings,1939,0.9369749612033815
ia.humanbondage_tt0025586,Of Human Bondage,1934,0.9285714285714288
lifeboat_tt0037017,Lifeboat,1944,0.9285714285714288
mr..smith.goes._tt0031679,Mr. Smith Goes to Washington,1939,0.9285714285714288
paradine.case_tt0039694,The Paradine Case,1947,0.9285714285714288
pillow.talk_tt0053172,Pillow Talk,1959,0.9285714285714288
rose_tt0079826,The Rose,1979,0.9285714285714288
rose.of.washing_tt0031877,Rose of Washington Square,1939,0.9285714285714288
third.man_tt0041959,The Third Man,1949,0.9285714285714288
to.catch.a.thie_tt0048728,To Catch a Thief,1955,0.9285714285714288
ia.the-dawn-patrol#1930_tt0020815,The Dawn Patrol,1930,0.9274260335029678
some.like.it.ho_tt0053291,Some Like It Hot,1959,0.9274260335029678
an.american.tra_tt0021607,An American Tragedy,1931,0.8928571428571429
another.thin.ma_tt0031047,Another Thin Man,1939,0.8928571428571429
beetlejuice,Beetlejuice,1988,0.8928571428571429
dishonored_tt0021800,Dishonored,1931,0.8928571428571429
dodge.city_tt0031235,Dodge City,1939,0.8928571428571429
five.pennies_tt0052809,The Five Pennies,1959,0.8928571428571429
foreign.corresp_tt0032484,Foreign Correspondent,1940,0.8928571428571429
ia.flesh-and-the-devil-1926-by-clarence-brown_tt0016884,Flesh and the Devil,1926,0.8928571428571429
ia.mantrap-1926_tt0017119,Mantrap,1926,0.8928571428571429
ia.THESONOFTHESHEIK1926RudolphValentinoVilmaBanky_tt0017416,The Son of the Sheik,1926,0.8928571428571429
ia.underworld#202108_tt0018526,Underworld,1927,0.8928571428571429
nuns.story_tt0053131,The Nun's Story,1959,0.8928571428571429
prisoner.of.zen_tt0029442,The Prisoner of Zenda,1937,0.8928571428571429
suspicion_tt0034248,Suspicion,1941,0.8928571428571429
wise.blood_tt0080140,Wise Blood,1979,0.8928571428571429
annie.hall_tt0075686,Annie Hall,1977,0.8829187134416479
compulsion_tt0052700,Compulsion,1959,0.8829187134416479
blonde.venus_tt0022698,Blonde Venus,1932,0.8571428571428573
champ_tt0078950,The Champ,1979,0.8571428571428573
devil.is.a.woma_tt0026276,The Devil Is a Woman,1935,0.8571428571428573
i.confess_tt0045897,I Confess,1953,0.8571428571428573
ia.it-comedy-1927_tt0018033,It,1927,0.8571428571428573
interiors_tt0077742,Interiors,1978,0.8571428571428573
jet.pilot_tt0050562,Jet Pilot,1957,0.8571428571428573
rebecca_tt0032976,Rebecca,1940,0.8571428571428573
sixth_sense,The Sixth Sense,1999,0.8571428571428573
stage.fright_tt0042994,Stage Fright,1950,0.8571428571428573
talented.mr..ri_tt0134119,The Talented Mr. Ripley,1999,0.8571428571428573
ia.the-winning-of-barbara-worth-king-1926-1080p-hd_tt0017567,The Winning of Barbara Worth,1926,0.8214285714285715
purple.rose.of._tt0089853,The Purple Rose of Cairo,1985,0.8214285714285715
queen.of.spades_tt0041776,The Queen of Spades,1949,0.8214285714285715
wuthering.heigh_tt0032145,Wuthering Heights,1939,0.8214285714285715
birds_tt0056869,The Birds,1963,0.7857142857142859
dracula_tt0079073,Dracula,1979,0.7857142857142859
manhattan_tt0079522,Manhattan,1979,0.7857142857142859
silence_of_the_lambs,The Silence of the Lambs,1991,0.7857142857142859
each.dawn.i.die_tt0031260,Each Dawn I Die,1939,0.7500000000000002
love.affair_tt0031593,Love Affair,1939,0.7500000000000002
stardust.memori_tt0081554,Stardust Memories,1980,0.7500000000000002
deep_blue_sea,Deep Blue Sea,1999,0.7142857142857144
omen_tt0075005,The Omen,1976,0.7142857142857144
dawn.patrol_tt0030044,The Dawn Patrol,1938,0.6785714285714287
ia.the-iron-horse-1924-john-ford_tt0015016,The Iron Horse,1924,0.642857142857143
amityville.horr_tt0078767,The Amityville Horror,1979,0.6071428571428572
driller.killer_tt0079082,The Driller Killer,1979,0.6071428571428572
insider_tt0140352,The Insider,1999,0.6071428571428572
weekend_tt0062480,Weekend,1967,0.6071428571428572
blair_witch_fs,The Blair Witch Project,1999,0.5585812268712466
