imdb_id	all_aspect_ratios
tt0006864	1.33:1
tt0011532	
tt0012190	1.33:1
tt0012532	1.33:1
tt0012938	1.33:1
tt0012952	1.33:1
tt0013075	1.33:1
tt0013085	1.33:1
tt0013140	1.33:1
tt0013201	1.33:1
tt0013372	1.33:1
tt0013386	1.33:1
tt0013402	1.33:1
tt0013458	1.33:1
tt0013515	1.33:1
tt0013556	1.33:1
tt0013597	1.33:1
tt0013741	1.33:1
tt0013750	1.33:1
tt0013802	1.33:1
tt0013817	1.33:1
tt0013841	1.33:1
tt0013886	1.33:1
tt0013951	1.33:1
tt0014142	1.33:1
tt0014205	1.33:1
tt0014358	1.33:1
tt0014416	1.33:1
tt0014429	1.33:1
tt0014440	1.33:1
tt0014497	1.33:1
tt0014499	1.33:1
tt0014532	1.33:1
tt0014604	1.33:1
tt0014605	1.33:1
tt0014624	1.33:1
tt0014672	1.33:1
tt0014702	1.33:1
tt0014721	1.33:1
tt0014854	1.33:1
tt0014925	1.33:1
tt0014945	1.33:1
tt0014972	1.33:1
tt0015002	1.33:1
tt0015016	1.33:1
tt0015116	1.33:1
tt0015145	1.33:1
tt0015163	1.33:1
tt0015224	1.33:1
tt0015289	1.33:1
tt0015310	1.33:1
tt0015312	1.33:1
tt0015400	1.33:1
tt0015624	1.33:1
tt0015627	1.33:1
tt0015648	1.37:1
tt0015758	1.33:1
tt0015841	1.33:1
tt0015863	1.33:1
tt0015864	1.37:1; 1.33:1
tt0015881	1.33:1
tt0016005	1.33:1
tt0016006	1.33:1
tt0016028	1.33:1
tt0016029	1.37:1
tt0016039	1.33:1
tt0016104	1.33:1
tt0016220	1.33:1
tt0016235	1.33:1
tt0016308	1.33:1
tt0016332	1.33:1
tt0016473	1.33:1
tt0016481	1.33:1
tt0016560	1.33:1
tt0016627	1.33:1
tt0016630	1.33:1
tt0016634	1.33:1
tt0016638	1.33:1
tt0016641	1.33:1
tt0016643	1.33:1
tt0016646	1.33:1
tt0016654	1.33:1
tt0016655	1.33:1
tt0016669	1.33:1
tt0016762	1.33:1
tt0016783	1.33:1
tt0016804	1.33:1
tt0016812	1.33:1
tt0016871	1.33:1
tt0016884	1.33:1
tt0016895	1.33:1
tt0016999	1.33:1
tt0017028	1.33:1
tt0017082	1.33:1
tt0017119	1.33:1
tt0017120	1.33:1
tt0017136	1.33:1
tt0017226	1.33:1
tt0017350	1.33:1
tt0017354	1.33:1
tt0017416	1.33:1
tt0017423	1.33:1
tt0017483	1.33:1
tt0017532	1.33:1
tt0017534	1.33:1
tt0017540	1.20:1; 1.33:1
tt0017567	1.33:1
tt0017667	1.33:1
tt0017738	1.33:1
tt0017743	1.33:1
tt0017860	1.33:1
tt0017918	1.33:1
tt0017925	1.33:1
tt0018016	1.33:1
tt0018033	1.33:1
tt0018037	1.33:1
tt0018051	1.33:1
tt0018054	1.33:1
tt0018107	1.33:1
tt0018113	1.33:1
tt0018118	1.33:1
tt0018166	1.33:1
tt0018179	1.33:1
tt0018203	1.33:1
tt0018253	1.33:1
tt0018311	1.33:1
tt0018379	1.20:1
tt0018413	1.33:1
tt0018440	1.33:1
tt0018451	1.33:1
tt0018455	1.20:1; 1.33:1
tt0018471	1.33:1
tt0018513	1.33:1
tt0018515	1.33:1
tt0018526	1.33:1
tt0018528	1.33:1
tt0018566	1.33:1
tt0018578	1.33:1
tt0018737	1.33:1
tt0018773	1.37:1; 1.33:1
tt0018795	1.33:1
tt0018806	1.33:1
tt0018879	1.20:1
tt0018908	1.20:1
tt0018909	1.20:1
tt0018996	1.20:1; 1.33:1
tt0019035	1.20:1; 1.37:1
tt0019071	1.33:1
tt0019096	1.37:1
tt0019098	1.37:1
tt0019237	1.20:1
tt0019254	1.33:1
tt0019286	1.33:1
tt0019305	1.20:1
tt0019344	1.33:1
tt0019379	1.20:1
tt0019388	1.37:1
tt0019412	1.20:1; 1.33:1
tt0019429	1.33:1; 1.20:1
tt0019451	1.33:1
tt0019557	1.33:1
tt0019558	1.33:1
tt0019574	1.20:1
tt0019589	1.33:1
tt0019630	1.20:1
tt0019649	1.33:1
tt0019684	1.20:1
tt0019729	1.37:1; 1.20:1
tt0019735	1.20:1
tt0019745	1.20:1
tt0019760	1.33:1
tt0019777	1.20:1
tt0019785	1.20:1
tt0019788	1.20:1
tt0019798	1.20:1
tt0019800	1.20:1
tt0019815	1.20:1
tt0019823	1.20:1; 1.37:1
tt0019993	1.20:1; 1.37:1
tt0020018	1.20:1
tt0020030	1.37:1
tt0020092	1.20:1
tt0020112	1.20:1
tt0020126	1.20:1
tt0020197	1.20:1
tt0020223	1.37:1
tt0020238	1.20:1; 1.37:1
tt0020247	1.20:1; 1.37:1
tt0020269	1.33:1
tt0020320	1.33:1
tt0020332	1.20:1
tt0020358	1.20:1; 1.37:1
tt0020366	1.33:1
tt0020403	1.20:1; 1.37:1
tt0020410	1.37:1; 1.20:1
tt0020466	1.20:1
tt0020469	1.20:1
tt0020479	1.20:1
tt0020490	1.20:1
tt0020499	1.20:1
tt0020514	1.20:1; 1.37:1
tt0020572	1.33:1; 1.20:1
tt0020590	1.20:1
tt0020629	1.20:1; 1.33:1
tt0020641	1.20:1
tt0020645	1.20:1
tt0020686	1.20:1
tt0020691	1.20:1; 2.00:1; 2.13:1
tt0020724	1.20:1
tt0020758	1.20:1
tt0020815	1.20:1
tt0020827	1.20:1
tt0020876	1.20:1
tt0020915	1.37:1
tt0020949	1.20:1; 2.00:1; 2.13:1
tt0020960	1.54:1; 1.37:1
tt0020973	1.20:1
tt0020986	1.20:1
tt0021013	1.20:1
tt0021016	1.20:1
tt0021053	1.20:1
tt0021060	1.20:1
tt0021079	1.20:1; 1.37:1
tt0021148	1.20:1
tt0021152	1.20:1
tt0021153	1.20:1
tt0021156	1.20:1
tt0021197	1.37:1
tt0021223	1.20:1
tt0021228	1.20:1
tt0021261	1.20:1
tt0021281	1.20:1
tt0021287	1.20:1
tt0021310	1.37:1; 1.20:1
tt0021331	1.37:1
tt0021335	1.20:1
tt0021400	1.37:1
tt0021401	1.20:1; 2.00:1; 2.07:1
tt0021409	1.20:1; 1.37:1
tt0021420	1.20:1
tt0021511	1.20:1
tt0021542	1.20:1
tt0021549	1.20:1
tt0021607	1.20:1
tt0021622	1.20:1
tt0021635	1.20:1
tt0021730	1.20:1
tt0021746	1.20:1
tt0021749	1.20:1
tt0021750	1.20:1
tt0021778	1.20:1
tt0021800	1.20:1
tt0021814	1.20:1; 1.37:1
tt0021818	1.20:1; 1.33:1
tt0021825	1.20:1
tt0021873	1.37:1
tt0021884	1.37:1
tt0021890	1.20:1
tt0021992	1.37:1
tt0022017	1.20:1
tt0022042	1.20:1
tt0022074	1.20:1
tt0022080	1.33:1
tt0022114	1.20:1
tt0022139	1.37:1
tt0022149	1.20:1
tt0022150	1.19:1
tt0022158	1.20:1
tt0022246	1.20:1
tt0022273	1.20:1
tt0022289	1.16:1
tt0022357	1.20:1
tt0022386	1.20:1
tt0022397	1.20:1
tt0022436	1.20:1
tt0022437	1.20:1
tt0022454	1.37:1; 1.20:1
tt0022458	1.20:1
tt0022478	1.20:1
tt0022495	1.20:1
tt0022599	1.20:1
tt0022619	1.37:1
tt0022628	1.37:1
tt0022639	1.37:1
tt0022694	1.37:1
tt0022698	1.37:1
tt0022700	1.37:1
tt0022725	1.20:1
tt0022792	1.37:1
tt0022835	1.20:1
tt0022867	1.19:1
tt0022879	1.37:1
tt0022890	1.37:1
tt0022958	1.37:1
tt0023042	1.37:1
tt0023151	1.19:1
tt0023158	1.37:1
tt0023169	1.37:1
tt0023181	1.37:1
tt0023196	1.20:1
tt0023213	1.37:1
tt0023277	1.37:1
tt0023303	1.37:1
tt0023345	1.37:1
tt0023349	1.37:1
tt0023369	1.37:1
tt0023374	1.37:1
tt0023382	1.37:1
tt0023394	1.37:1
tt0023410	1.37:1
tt0023427	1.37:1
tt0023470	1.37:1
tt0023488	1.37:1
tt0023523	1.37:1
tt0023551	1.37:1
tt0023556	1.37:1; 1.20:1
tt0023594	1.37:1
tt0023622	1.37:1
tt0023649	1.19:1
tt0023694	1.37:1
tt0023825	1.37:1
tt0023843	1.37:1
tt0023849	1.37:1
tt0023860	1.37:1
tt0023876	1.37:1
tt0023926	1.37:1
tt0023948	1.37:1
tt0023955	1.37:1
tt0023969	1.37:1
tt0024025	1.37:1
tt0024028	1.37:1
tt0024034	1.37:1
tt0024044	1.37:1
tt0024067	1.37:1
tt0024069	1.37:1
tt0024130	1.37:1
tt0024151	1.37:1
tt0024166	1.37:1
tt0024183	1.37:1
tt0024216	1.19:1; 1.37:1
tt0024240	1.37:1
tt0024264	1.37:1
tt0024353	1.37:1
tt0024381	1.37:1
tt0024473	1.37:1
tt0024481	1.37:1
tt0024507	1.37:1
tt0024548	1.37:1
tt0024598	1.37:1
tt0024675	1.37:1
tt0024685	1.37:1
tt0024701	1.37:1
tt0024844	1.37:1
tt0024865	1.37:1
tt0024873	1.37:1
tt0024914	1.37:1
tt0024915	1.37:1
tt0024963	1.37:1
tt0024965	1.37:1
tt0024991	1.37:1
tt0025028	1.37:1
tt0025035	1.37:1
tt0025037	1.37:1
tt0025091	1.37:1
tt0025124	1.37:1
tt0025164	1.37:1
tt0025239	1.37:1
tt0025301	1.37:1
tt0025316	1.37:1
tt0025335	1.37:1
tt0025409	1.37:1
tt0025410	1.37:1
tt0025452	1.37:1
tt0025456	1.37:1
tt0025464	1.37:1
tt0025489	1.37:1
tt0025493	1.37:1
tt0025569	1.37:1
tt0025586	1.37:1
tt0025607	1.37:1
tt0025720	1.37:1
tt0025740	1.37:1
tt0025748	1.33:1
tt0025791	1.37:1
tt0025829	1.37:1
tt0025862	1.37:1
tt0025878	1.37:1
tt0025907	1.37:1
tt0025911	1.37:1
tt0025919	1.37:1
tt0025948	1.37:1
tt0025964	1.37:1
tt0025965	1.37:1
tt0026007	1.37:1
tt0026071	1.37:1
tt0026097	1.37:1
tt0026104	1.37:1
tt0026144	1.37:1
tt0026164	1.37:1
tt0026174	1.37:1
tt0026205	1.37:1
tt0026249	1.37:1
tt0026252	1.37:1
tt0026262	1.37:1
tt0026266	1.37:1
tt0026276	1.37:1
tt0026393	1.37:1
tt0026409	1.37:1
tt0026417	1.37:1
tt0026419	1.37:1
tt0026452	1.37:1
tt0026524	1.37:1
tt0026529	1.37:1
tt0026641	1.37:1
tt0026643	1.37:1
tt0026667	1.37:1
tt0026714	1.37:1
tt0026723	1.37:1
tt0026725	1.37:1
tt0026752	1.37:1
tt0026768	1.37:1
tt0026778	1.37:1
tt0026787	1.37:1
tt0026922	1.37:1
tt0026942	1.37:1
tt0026955	1.37:1
tt0026966	1.37:1
tt0026972	1.37:1
tt0026988	1.37:1
tt0027042	1.37:1
tt0027075	1.37:1
tt0027088	1.37:1
tt0027125	1.37:1
tt0027189	1.37:1
tt0027260	1.37:1
tt0027300	1.37:1
tt0027395	1.37:1
tt0027407	1.37:1
tt0027422	1.37:1
tt0027438	1.37:1
tt0027532	1.37:1
tt0027630	1.37:1
tt0027664	1.37:1
tt0027684	1.37:1
tt0027690	1.37:1
tt0027698	1.37:1
tt0027700	1.37:1
tt0027884	1.37:1
tt0027893	1.37:1
tt0027902	1.37:1
tt0027914	1.37:1
tt0027948	1.37:1
tt0027951	1.33:1
tt0027977	1.37:1
tt0027996	1.37:1
tt0028010	1.37:1
tt0028102	1.37:1
tt0028108	1.37:1
tt0028118	1.37:1
tt0028142	1.37:1
tt0028167	1.37:1
tt0028178	1.37:1
tt0028207	1.37:1
tt0028216	1.37:1
tt0028249	1.37:1
tt0028313	1.37:1
tt0028333	1.37:1
tt0028371	1.37:1
tt0028373	1.37:1
tt0028401	1.37:1
tt0028445	1.37:1
tt0028499	1.37:1
tt0028505	1.37:1
tt0028511	1.37:1
tt0028587	1.37:1
tt0028597	1.37:1
tt0028665	1.37:1
tt0028683	1.37:1
tt0028691	1.37:1
tt0028772	1.37:1
tt0028773	1.37:1
tt0028806	1.37:1
tt0028818	1.37:1
tt0028827	1.37:1
tt0028843	1.37:1
tt0028873	1.37:1
tt0028944	1.37:1
tt0028950	1.37:1
tt0029030	1.37:1
tt0029047	1.37:1
tt0029080	1.37:1
tt0029081	1.37:1
tt0029120	1.37:1
tt0029146	1.37:1
tt0029162	1.37:1
tt0029190	1.37:1
tt0029201	1.37:1
tt0029217	1.37:1
tt0029222	1.37:1
tt0029284	1.37:1
tt0029322	1.37:1
tt0029345	1.37:1
tt0029347	1.37:1
tt0029440	1.37:1
tt0029442	1.37:1
tt0029499	1.37:1
tt0029516	1.37:1
tt0029539	1.37:1
tt0029546	1.37:1
tt0029583	1.85:1; 1.37:1
tt0029593	1.37:1
tt0029604	1.37:1
tt0029606	1.37:1
tt0029608	1.37:1
tt0029626	1.37:1
tt0029659	1.37:1
tt0029662	1.37:1
tt0029695	1.37:1
tt0029706	1.37:1
tt0029742	1.37:1
tt0029806	1.37:1
tt0029842	1.37:1
tt0029852	1.37:1
tt0029855	1.37:1
tt0029864	1.37:1
tt0029929	1.37:1
tt0029942	1.37:1
tt0029947	1.37:1
tt0029950	1.37:1
tt0029971	1.37:1
tt0029995	1.37:1
tt0030031	1.37:1
tt0030044	1.37:1
tt0030082	1.37:1
tt0030127	1.37:1
tt0030149	1.37:1
tt0030182	1.37:1
tt0030194	1.37:1
tt0030202	1.37:1
tt0030241	1.37:1
tt0030265	1.37:1
tt0030287	1.37:1
tt0030359	1.37:1
tt0030413	1.37:1
tt0030418	1.37:1
tt0030637	1.37:1
tt0030643	1.37:1
tt0030652	1.37:1
tt0030657	1.37:1
tt0030775	1.37:1
tt0030848	1.37:1
tt0030854	1.37:1
tt0030879	1.37:1
tt0030933	1.37:1
tt0030944	1.37:1
tt0030989	1.37:1
tt0030993	1.37:1
tt0031002	1.37:1
tt0031047	1.37:1
tt0031066	1.37:1
tt0031067	1.37:1
tt0031074	1.37:1
tt0031088	1.37:1
tt0031173	1.37:1
tt0031210	1.37:1
tt0031212	1.37:1
tt0031235	1.37:1
tt0031252	1.37:1
tt0031260	1.37:1
tt0031302	1.37:1
tt0031309	1.37:1
tt0031334	1.37:1
tt0031381	1.75:1; 2.20:1; 1.37:1
tt0031385	1.37:1
tt0031397	1.37:1
tt0031398	1.37:1
tt0031433	1.33:1
tt0031440	1.37:1
tt0031455	1.37:1
tt0031473	1.37:1
tt0031477	1.37:1
tt0031507	1.37:1
tt0031516	1.37:1
tt0031593	1.37:1
tt0031602	1.37:1
tt0031647	1.37:1
tt0031650	1.37:1
tt0031679	1.37:1
tt0031725	1.37:1
tt0031737	1.37:1
tt0031742	1.37:1
tt0031762	1.37:1
tt0031826	1.37:1
tt0031835	1.37:1
tt0031867	1.37:1
tt0031877	1.37:1
tt0031885	1.37:1
tt0031971	1.37:1
tt0031983	1.37:1
tt0032080	1.37:1
tt0032138	1.37:1
tt0032143	1.37:1
tt0032145	1.37:1
tt0032181	1.37:1
tt0032206	1.37:1
tt0032220	1.37:1
tt0032264	1.37:1
tt0032273	1.37:1
tt0032342	1.37:1
tt0032410	1.37:1
tt0032432	1.37:1
tt0032447	1.37:1
tt0032455	1.37:1
tt0032467	1.37:1
tt0032484	1.37:1
tt0032520	1.37:1
tt0032551	1.37:1
tt0032553	1.37:1
tt0032599	1.37:1
tt0032612	1.37:1
tt0032617	1.37:1
tt0032671	1.37:1
tt0032676	1.37:1
tt0032701	1.37:1
tt0032710	1.37:1
tt0032728	1.37:1
tt0032762	1.37:1
tt0032811	1.37:1
tt0032840	1.37:1
tt0032846	1.37:1
tt0032851	1.37:1
tt0032881	1.37:1
tt0032904	1.37:1
tt0032910	1.37:1
tt0032943	1.37:1
tt0032976	1.37:1
tt0032981	1.37:1
tt0032986	1.37:1
tt0032993	1.37:1
tt0033028	1.37:1
tt0033149	1.33:1
tt0033152	1.37:1
tt0033238	1.37:1
tt0033365	1.37:1
tt0033373	1.37:1
tt0033392	1.37:1
tt0033396	1.37:1
tt0033405	1.33:1
tt0033407	1.33:1
tt0033432	1.37:1
tt0033455	1.37:1
tt0033457	1.37:1
tt0033467	1.37:1
tt0033537	1.37:1
tt0033553	1.37:1
tt0033623	1.37:1
tt0033677	1.37:1
tt0033712	1.37:1
tt0033726	1.37:1
tt0033729	1.37:1
tt0033766	1.37:1
tt0033787	1.37:1
tt0033804	1.37:1
tt0033832	1.37:1
tt0033836	1.37:1
tt0033851	1.37:1
tt0033868	1.37:1
tt0033870	1.37:1
tt0033874	1.37:1
tt0033891	1.37:1
tt0033963	1.37:1
tt0034012	1.37:1
tt0034116	1.37:1
tt0034167	1.37:1
tt0034236	1.37:1
tt0034240	1.37:1
tt0034241	1.37:1
tt0034242	1.37:1
tt0034248	1.37:1
tt0034272	1.37:1
tt0034273	1.37:1
tt0034281	1.37:1
tt0034299	1.37:1
tt0034405	1.37:1
tt0034415	1.37:1
tt0034428	1.37:1
tt0034485	1.37:1
tt0034492	1.37:1
tt0034522	1.37:1
tt0034578	1.37:1
tt0034583	1.37:1
tt0034622	1.37:1
tt0034694	1.37:1
tt0034742	1.37:1
tt0034745	1.37:1
tt0034746	1.37:1
tt0034814	1.37:1
tt0034828	1.37:1
tt0034856	1.37:1
tt0034862	1.37:1
tt0034890	1.37:1
tt0034891	1.37:1
tt0034926	1.37:1
tt0034936	1.37:1
tt0034946	1.37:1
tt0035015	1.37:1
tt0035019	1.37:1
tt0035082	1.37:1
tt0035093	1.37:1
tt0035100	1.37:1
tt0035103	1.37:1
tt0035140	1.37:1
tt0035157	1.37:1
tt0035211	1.37:1
tt0035238	1.37:1
tt0035244	1.37:1
tt0035262	1.37:1
tt0035356	1.37:1
tt0035360	1.37:1
tt0035370	1.37:1
tt0035379	1.37:1
tt0035417	1.37:1
tt0035446	1.37:1
tt0035447	1.37:1
tt0035460	1.37:1
tt0035530	1.37:1
tt0035567	1.37:1
tt0035575	1.37:1
tt0035608	1.37:1
tt0035616	1.37:1
tt0035664	1.37:1
tt0035735	1.37:1
tt0035746	1.37:1
tt0035763	1.37:1
tt0035769	1.37:1
tt0035799	1.37:1
tt0035829	1.33:1
tt0035884	1.37:1
tt0035896	1.37:1
tt0035916	1.33:1
tt0035942	1.37:1
tt0035957	1.37:1
tt0035959	1.37:1
tt0035979	1.37:1
tt0035982	1.33:1
tt0036022	1.37:1
tt0036092	1.37:1
tt0036094	1.37:1
tt0036098	1.37:1
tt0036126	1.37:1
tt0036152	1.37:1
tt0036172	1.37:1
tt0036174	1.37:1
tt0036208	1.37:1
tt0036217	1.37:1
tt0036230	1.37:1
tt0036241	1.37:1
tt0036244	1.37:1
tt0036261	1.37:1
tt0036301	1.37:1
tt0036323	1.37:1
tt0036326	1.37:1
tt0036367	1.37:1
tt0036377	1.37:1
tt0036378	1.37:1
tt0036384	1.37:1
tt0036422	1.37:1
tt0036430	1.37:1
tt0036432	1.37:1
tt0036613	1.37:1
tt0036629	1.37:1
tt0036677	1.37:1
tt0036699	1.37:1
tt0036723	1.33:1
tt0036755	1.37:1
tt0036775	1.37:1
tt0036777	1.37:1
tt0036823	1.66:1
tt0036840	1.37:1
tt0036855	1.37:1
tt0036868	1.37:1
tt0036872	1.37:1
tt0036912	1.37:1
tt0036914	1.37:1
tt0036922	1.37:1
tt0036940	1.37:1
tt0036961	1.37:1
tt0036969	1.37:1
tt0036970	1.37:1
tt0036983	1.37:1
tt0036984	1.37:1
tt0037008	1.37:1
tt0037017	1.37:1
tt0037024	1.37:1
tt0037059	1.37:1
tt0037094	1.37:1
tt0037096	1.37:1
tt0037104	1.37:1
tt0037120	1.37:1
tt0037135	1.37:1
tt0037150	1.37:1
tt0037193	1.37:1
tt0037197	1.37:1
tt0037215	1.37:1
tt0037263	1.37:1
tt0037280	1.37:1
tt0037366	1.37:1
tt0037382	1.37:1
tt0037404	1.37:1
tt0037408	1.37:1
tt0037415	1.33:1
tt0037462	1.37:1
tt0037465	1.37:1
tt0037468	1.37:1
tt0037508	1.37:1
tt0037514	1.37:1
tt0037536	1.37:1
tt0037547	1.37:1
tt0037558	1.37:1
tt0037595	1.37:1
tt0037604	1.37:1
tt0037611	1.37:1
tt0037614	1.37:1
tt0037651	1.37:1
tt0037674	1.37:1
tt0037746	1.37:1
tt0037769	1.37:1
tt0037795	1.37:1
tt0037800	1.37:1
tt0037849	1.37:1
tt0037865	1.37:1
tt0037884	1.37:1
tt0037885	1.33:1
tt0037913	1.37:1
tt0037954	1.37:1
tt0037963	1.37:1
tt0037988	1.37:1
tt0038026	1.37:1
tt0038032	1.37:1
tt0038048	1.37:1
tt0038053	1.37:1
tt0038104	1.37:1
tt0038107	1.37:1
tt0038109	1.37:1
tt0038116	1.33:1
tt0038119	1.37:1
tt0038120	1.37:1
tt0038160	1.37:1
tt0038166	1.37:1
tt0038170	1.33:1
tt0038190	1.37:1
tt0038213	1.37:1
tt0038235	1.37:1
tt0038239	1.37:1
tt0038256	1.37:1
tt0038260	1.37:1
tt0038279	1.37:1
tt0038303	1.37:1
tt0038326	1.37:1
tt0038355	1.37:1
tt0038369	1.37:1
tt0038370	1.37:1
tt0038390	1.37:1
tt0038395	1.33:1
tt0038417	1.37:1
tt0038461	1.37:1
tt0038476	1.37:1
tt0038492	1.37:1
tt0038499	1.37:1
tt0038510	1.37:1
tt0038559	1.37:1
tt0038574	1.37:1
tt0038578	1.37:1
tt0038589	1.37:1
tt0038606	1.37:1
tt0038622	1.37:1
tt0038650	1.37:1
tt0038661	1.37:1; 2.20:1
tt0038669	1.37:1
tt0038733	1.37:1
tt0038747	1.37:1
tt0038762	1.37:1
tt0038765	1.37:1
tt0038776	1.37:1
tt0038787	1.37:1
tt0038794	1.37:1
tt0038823	1.37:1
tt0038854	1.37:1
tt0038873	1.33:1
tt0038916	1.37:1
tt0038975	1.37:1
tt0038988	1.37:1
tt0038991	1.37:1
tt0039035	1.37:1
tt0039054	1.37:1
tt0039111	1.37:1
tt0039116	1.37:1
tt0039169	1.37:1
tt0039190	1.37:1
tt0039192	1.37:1
tt0039204	1.37:1
tt0039208	1.37:1
tt0039235	1.37:1
tt0039243	1.37:1
tt0039250	1.37:1
tt0039286	1.37:1
tt0039302	1.37:1
tt0039305	1.37:1
tt0039337	1.37:1
tt0039340	1.37:1
tt0039349	1.37:1
tt0039370	1.37:1
tt0039402	1.37:1
tt0039416	1.37:1
tt0039420	1.37:1
tt0039431	1.37:1
tt0039437	1.37:1
tt0039477	1.37:1
tt0039502	1.33:1
tt0039566	1.37:1
tt0039628	1.37:1
tt0039632	1.37:1
tt0039634	1.37:1
tt0039645	1.37:1
tt0039666	1.37:1
tt0039677	1.33:1
tt0039694	1.37:1
tt0039698	1.37:1
tt0039737	1.33:1
tt0039776	1.37:1
tt0039806	1.37:1
tt0039808	1.33:1
tt0039825	1.37:1
tt0039850	1.37:1
tt0039931	1.37:1
tt0039937	1.37:1
tt0039969	1.37:1
tt0039975	1.37:1
tt0040071	1.37:1
tt0040160	1.33:1
tt0040187	1.37:1
tt0040266	1.37:1
tt0040271	1.37:1
tt0040308	1.37:1
tt0040317	1.37:1
tt0040321	1.37:1
tt0040331	1.37:1
tt0040367	1.37:1
tt0040369	1.37:1
tt0040395	1.37:1
tt0040416	1.37:1
tt0040446	1.37:1
tt0040458	1.37:1
tt0040491	1.37:1; 1.85:1
tt0040495	1.37:1
tt0040498	1.37:1
tt0040506	1.37:1
tt0040522	1.37:1
tt0040536	1.37:1
tt0040550	1.37:1
tt0040552	1.37:1
tt0040580	1.37:1
tt0040594	1.37:1
tt0040613	1.37:1
tt0040636	1.37:1
tt0040662	1.37:1
tt0040679	1.37:1
tt0040705	1.33:1
tt0040717	1.37:1
tt0040724	1.37:1
tt0040725	1.37:1
tt0040746	1.37:1
tt0040765	1.37:1
tt0040806	1.37:1
tt0040823	1.37:1
tt0040834	1.37:1
tt0040843	1.33:1
tt0040869	1.37:1
tt0040875	1.37:1
tt0040876	1.37:1
tt0040897	1.37:1
tt0040946	1.33:1
tt0040965	1.37:1
tt0040976	1.37:1
tt0040978	1.37:1
tt0041113	1.37:1
tt0041127	1.37:1
tt0041154	1.37:1
tt0041158	1.37:1
tt0041163	1.37:1
tt0041257	1.37:1
tt0041259	1.37:1
tt0041329	1.33:1
tt0041428	1.37:1
tt0041452	1.37:1
tt0041481	1.37:1
tt0041498	1.37:1
tt0041507	1.37:1
tt0041509	1.37:1
tt0041514	1.37:1
tt0041530	1.37:1
tt0041546	1.37:1
tt0041587	1.37:1
tt0041599	1.37:1
tt0041600	1.37:1
tt0041622	1.37:1
tt0041672	1.37:1
tt0041716	1.37:1
tt0041719	1.37:1
tt0041746	1.37:1
tt0041767	1.33:1
tt0041776	1.37:1
tt0041822	1.37:1
tt0041838	1.37:1
tt0041841	1.37:1
tt0041859	1.37:1
tt0041902	1.37:1
tt0041928	1.37:1
tt0041931	1.37:1
tt0041944	1.37:1
tt0041948	1.37:1
tt0041955	1.37:1
tt0041959	1.37:1
tt0041996	1.37:1
tt0042004	1.37:1
tt0042041	1.37:1
tt0042192	1.37:1
tt0042200	1.37:1
tt0042208	1.37:1
tt0042209	1.37:1
tt0042256	1.37:1
tt0042276	1.37:1
tt0042286	1.37:1
tt0042327	1.33:1
tt0042332	1.37:1
tt0042367	1.37:1
tt0042372	1.37:1
tt0042376	1.37:1
tt0042382	1.37:1
tt0042417	1.33:1
tt0042447	1.37:1
tt0042451	1.37:1
tt0042539	1.37:1
tt0042546	1.37:1
tt0042593	1.37:1
tt0042634	1.37:1
tt0042644	1.37:1
tt0042646	1.37:1
tt0042648	1.37:1
tt0042727	1.37:1
tt0042742	1.37:1
tt0042767	1.37:1
tt0042829	1.37:1
tt0042876	1.37:1
tt0042893	1.37:1
tt0042906	1.37:1
tt0042949	1.37:1
tt0042994	1.37:1
tt0043012	1.37:1
tt0043014	1.37:1
tt0043030	1.37:1
tt0043044	1.37:1
tt0043116	1.37:1
tt0043137	1.37:1
tt0043153	1.37:1
tt0043265	1.37:1
tt0043274	1.37:1
tt0043278	1.37:1
tt0043361	1.37:1
tt0043370	1.37:1
tt0043379	1.37:1
tt0043455	1.37:1
tt0043456	1.37:1
tt0043459	1.37:1
tt0043461	1.37:1
tt0043465	1.37:1
tt0043469	1.37:1
tt0043511	1.37:1
tt0043526	1.37:1
tt0043547	1.37:1
tt0043565	1.37:1
tt0043567	1.37:1
tt0043590	1.37:1
tt0043599	1.37:1
tt0043733	1.37:1
tt0043751	1.37:1
tt0043762	1.37:1
tt0043809	1.37:1
tt0043827	1.37:1
tt0043880	1.37:1
tt0043882	1.37:1
tt0043887	1.37:1
tt0043910	1.37:1
tt0043915	1.37:1
tt0043924	1.37:1
tt0043949	1.37:1
tt0043972	1.37:1
tt0043983	1.37:1
tt0044000	1.37:1
tt0044030	1.37:1
tt0044079	1.37:1
tt0044081	1.37:1
tt0044112	1.37:1
tt0044117	1.37:1
tt0044121	1.78:1 / (high definition); 1.37:1
tt0044186	1.37:1
tt0044324	1.37:1
tt0044331	1.37:1
tt0044370	1.37:1
tt0044391	1.37:1
tt0044402	1.37:1
tt0044413	1.37:1
tt0044502	1.37:1
tt0044509	1.37:1
tt0044517	1.33:1
tt0044602	1.33:1
tt0044672	1.37:1
tt0044685	1.33:1
tt0044706	1.37:1
tt0044741	1.37:1
tt0044753	1.37:1
tt0044760	1.37:1
tt0044829	1.37:1
tt0044855	1.37:1
tt0044876	1.37:1
tt0044903	1.33:1
tt0044905	1.37:1
tt0044926	1.37:1
tt0044955	1.37:1
tt0044963	2.55:1
tt0045002	1.37:1
tt0045012	1.37:1
tt0045029	1.37:1
tt0045039	1.37:1
tt0045061	1.37:1
tt0045094	1.37:1
tt0045102	1.37:1
tt0045125	1.33:1
tt0045152	1.37:1
tt0045155	1.37:1
tt0045162	1.37:1
tt0045177	1.33:1
tt0045192	1.37:1
tt0045205	1.37:1
tt0045231	2.59:1
tt0045296	1.37:1
tt0045317	1.37:1
tt0045323	1.37:1
tt0045339	1.37:1
tt0045537	1.37:1
tt0045546	1.37:1
tt0045551	2.66:1
tt0045586	1.37:1
tt0045591	1.37:1
tt0045592	1.37:1
tt0045720	1.37:1
tt0045793	1.37:1
tt0045808	1.37:1
tt0045810	1.37:1
tt0045888	1.37:1
tt0045891	2.66:1
tt0045897	1.37:1
tt0045919	1.37:1
tt0045920	1.33:1; 1.85:1
tt0045935	1.37:1
tt0045943	1.37:1; 2.20:1
tt0045961	2.55:1
tt0045963	1.33:1; 1.37:1; 1.75:1
tt0045966	1.75:1; 2.55:1
tt0046000	1.37:1
tt0046022	1.33:1
tt0046051	1.37:1
tt0046085	1.37:1
tt0046087	1.37:1; 1.66:1
tt0046126	1.37:1
tt0046238	1.37:1
tt0046247	1.37:1; 2.66:1
tt0046250	1.37:1
tt0046268	1.37:1
tt0046303	1.37:1; 1.66:1
tt0046359	1.37:1
tt0046374	1.37:1
tt0046384	1.37:1
tt0046435	1.37:1
tt0046438	1.37:1
tt0046463	1.37:1
tt0046478	1.37:1
tt0046511	1.37:1
tt0046521	1.33:1
tt0046534	1.37:1; 1.66:1
tt0046672	2.55:1
tt0046714	1.37:1
tt0046719	1.37:1; 1.85:1
tt0046754	1.75:1
tt0046806	1.37:1; 1.85:1
tt0046807	1.75:1; 2.55:1
tt0046808	2.55:1
tt0046816	1.85:1
tt0046828	2.55:1
tt0046874	1.37:1; 1.66:1
tt0046896	1.75:1
tt0046899	2.55:1
tt0046911	1.37:1
tt0046912	1.66:1; 1.85:1
tt0046931	1.37:1; 1.85:1
tt0046963	1.75:1
tt0047030	1.37:1; 2.00:1
tt0047086	2.55:1
tt0047094	1.33:1
tt0047136	1.37:1; 1.66:1
tt0047152	1.66:1
tt0047162	1.75:1
tt0047191	1.33:1; 1.75:1
tt0047203	2.00:1
tt0047243	1.37:1
tt0047278	1.33:1; 1.85:1
tt0047279	2.55:1
tt0047281	1.37:1
tt0047296	1.37:1; 1.66:1; 1.85:1
tt0047365	2.55:1
tt0047376	1.66:1
tt0047396	1.37:1; 1.66:1
tt0047408	1.75:1; 1.37:1
tt0047422	2.55:1
tt0047429	1.75:1; 2.55:1
tt0047437	1.75:1
tt0047445	1.37:1
tt0047472	1.78:1; 2.55:1; 2.20:1
tt0047478	1.37:1
tt0047494	2.55:1
tt0047528	1.37:1
tt0047537	1.75:1; 2.55:1
tt0047574	2.55:1
tt0047580	2.55:1
tt0047647	2.00:1
tt0047673	1.66:1; 1.85:1; 1.96:1; 2.35:1
tt0047680	2.55:1
tt0047811	1.37:1; 1.75:1
tt0047821	1.37:1
tt0047849	2.55:1
tt0047860	2.55:1
tt0047873	1.85:1
tt0047876	1.37:1
tt0047880	1.85:1
tt0047885	1.75:1
tt0047939	2.59:1
tt0047969	2.55:1
tt0047985	1.37:1; 2.00:1
tt0048021	1.37:1
tt0048028	2.55:1
tt0048034	1.85:1
tt0048124	1.75:1
tt0048140	2.55:1
tt0048210	2.55:1
tt0048216	2.55:1
tt0048280	1.37:1; 2.35:1; 2.39:1; 2.55:1
tt0048281	1.37:1; 1.66:1; 1.75:1
tt0048291	2.55:1
tt0048312	2.55:1
tt0048316	2.55:1
tt0048317	2.55:1
tt0048337	2.55:1
tt0048342	2.35:1; 2.55:1
tt0048347	1.85:1
tt0048356	1.37:1; 1.85:1
tt0048380	2.55:1
tt0048424	1.66:1; 1.85:1; 1.37:1
tt0048445	2.20:1; 2.55:1
tt0048452	1.37:1; 1.66:1
tt0048473	1.37:1; 4:3
tt0048484	2.55:1
tt0048491	2.55:1
tt0048512	1.85:1
tt0048545	2.55:1
tt0048563	1.85:1
tt0048593	2.55:1
tt0048604	1.85:1
tt0048605	2.55:1
tt0048640	2.55:1
tt0048641	1.37:1
tt0048667	1.66:1; 2.00:1; 1.50:1; 1.85:1
tt0048673	1.78:1; 1.37:1
tt0048691	2.55:1
tt0048728	1.85:1
tt0048729	2.55:1
tt0048801	1.85:1; 1.96:1
tt0048937	2.55:1
tt0048947	2.55:1
tt0048954	1.85:1
tt0048956	1.37:1
tt0048966	1.85:1
tt0048971	2.35:1
tt0048973	1.33:1
tt0048977	1.37:1; 1.85:1
tt0049007	2.35:1
tt0049038	2.55:1
tt0049055	2.55:1
tt0049092	2.55:1
tt0049096	1.85:1
tt0049170	2.55:1
tt0049233	1.75:1
tt0049263	2.35:1
tt0049301	2.55:1
tt0049314	1.85:1
tt0049408	2.20:1; 2.55:1
tt0049452	2.35:1
tt0049456	2.55:1
tt0049470	1.85:1
tt0049474	2.55:1
tt0049490	2.55:1; 2.35:1
tt0049513	1.66:1
tt0049531	1.37:1; 2.35:1
tt0049640	1.85:1
tt0049653	1.85:1; 1.50:1
tt0049674	1.66:1; 1.85:1
tt0049730	1.85:1; 1.96:1
tt0049737	1.85:1
tt0049777	1.66:1
tt0049778	1.85:1
tt0049815	2.35:1
tt0049829	2.55:1
tt0049830	2.55:1
tt0049833	1.66:1; 2.20:1; 1.85:1
tt0049871	1.66:1
tt0049902	1.37:1
tt0049934	1.85:1
tt0049966	1.85:1
tt0050083	1.66:1; 1.85:1
tt0050105	2.35:1
tt0050109	1.37:1
tt0050126	2.35:1
tt0050166	1.85:1
tt0050171	2.35:1
tt0050208	2.35:1
tt0050212	2.55:1
tt0050237	2.35:1
tt0050301	1.85:1
tt0050306	2.35:1
tt0050307	2.35:1
tt0050327	2.35:1
tt0050379	2.35:1
tt0050381	2.35:1
tt0050419	1.85:1
tt0050468	1.85:1
tt0050490	2.35:1
tt0050562	1.37:1; 1.85:1
tt0050585	1.37:1
tt0050613	1.37:1
tt0050631	2.35:1
tt0050658	1.85:1
tt0050699	1.85:1
tt0050782	1.66:1
tt0050783	1.37:1
tt0050798	1.75:1; 1.85:1; 2.35:1
tt0050814	1.85:1
tt0050815	1.85:1
tt0050839	2.35:1
tt0050858	1.85:1
tt0050861	1.37:1; 1.85:1
tt0050933	2.35:1; 2.25:1
tt0050972	2.35:1
tt0050976	1.37:1
tt0050986	1.37:1
tt0050993	1.85:1
tt0051003	2.35:1
tt0051028	2.35:1
tt0051036	1.66:1
tt0051198	1.37:1; 1.85:1
tt0051201	1.66:1; 1.85:1
tt0051204	1.75:1
tt0051365	1.33:1
tt0051383	2.35:1
tt0051406	1.85:1
tt0051411	2.35:1; 2.25:1
tt0051429	2.35:1
tt0051433	2.35:1
tt0051435	1.37:1; 1.75:1
tt0051459	1.85:1
tt0051516	1.85:1
tt0051525	1.85:1
tt0051534	1.85:1
tt0051658	2.35:1
tt0051666	1.85:1
tt0051732	1.78:1
tt0051745	1.85:1
tt0051758	1.85:1
tt0051773	1.85:1
tt0051776	2.35:1
tt0051808	2.35:1
tt0051819	1.85:1
tt0051878	2.35:1
tt0051879	1.66:1
tt0051978	2.35:1
tt0051994	1.66:1
tt0052005	1.85:1
tt0052027	1.85:1
tt0052033	1.75:1
tt0052117	2.35:1
tt0052126	2.35:1
tt0052151	1.85:1
tt0052182	1.66:1
tt0052218	2.35:1
tt0052225	2.35:1; 2.20:1
tt0052226	2.59:1
tt0052278	1.85:1
tt0052283	2.35:1
tt0052311	1.37:1; 1.85:1
tt0052325	2.35:1
tt0052357	1.50:1; 1.85:1
tt0052365	2.35:1
tt0052397	2.59:1; 1.37:1; 2.77:1
tt0052561	1.85:1
tt0052572	1.37:1
tt0052600	1.37:1
tt0052618	2.66:1; 2.75:1; 2.76:1; 2.55:1
tt0052626	2.35:1
tt0052631	1.85:1; 1.75:1
tt0052654	1.37:1; 1.85:1
tt0052700	2.35:1
tt0052738	2.35:1
tt0052792	1.66:1
tt0052809	1.85:1
tt0052832	1.66:1
tt0052864	2.35:1
tt0052893	1.37:1
tt0052896	2.35:1
tt0052902	1.85:1
tt0052911	1.66:1
tt0052918	1.85:1
tt0052934	2.35:1
tt0052950	1.85:1
tt0053054	2.35:1
tt0053065	1.85:1
tt0053108	2.35:1
tt0053125	1.66:1; 2.00:1; 1.50:1; 1.85:1
tt0053131	1.85:1
tt0053137	1.66:1
tt0053143	1.85:1
tt0053146	1.37:1
tt0053168	1.37:1
tt0053172	2.35:1
tt0053198	2.35:1
tt0053221	1.85:1
tt0053226	1.66:1
tt0053271	1.75:1
tt0053285	2.20:1; 2.35:1; 2.39:1; 2.55:1
tt0053290	2.20:1; 2.35:1
tt0053291	1.66:1; 1.85:1
tt0053318	1.85:1
tt0053320	1.85:1
tt0053351	2.35:1
tt0053462	1.85:1
tt0053472	1.37:1
tt0053580	2.35:1; 2.20:1
tt0053604	2.35:1
tt0053619	1.85:1
tt0053622	2.35:1
tt0053645	2.35:1
tt0053690	2.20:1
tt0053779	2.35:1
tt0053793	1.66:1
tt0053804	2.35:1; 2.20:1
tt0053810	1.66:1
tt0053841	2.35:1
tt0053877	2.35:1
tt0053917	2.35:1
tt0053946	1.66:1
tt0053957	1.85:1
tt0053976	1.37:1
tt0054022	2.35:1
tt0054037	1.85:1
tt0054084	1.85:1
tt0054091	2.35:1
tt0054127	2.35:1
tt0054130	1.90:1; 1.85:1
tt0054135	2.35:1
tt0054188	2.35:1
tt0054197	2.00:1
tt0054198	1.66:1
tt0054215	1.85:1
tt0054230	1.33:1
tt0054269	1.66:1
tt0054310	2.20:1; 2.35:1
tt0054331	2.20:1; 2.39:1; 2.25:1; 2.35:1
tt0054343	2.35:1
tt0054345	2.35:1
tt0054353	1.85:1
tt0054354	1.85:1
tt0054357	2.35:1
tt0054377	1.37:1
tt0054403	2.20:1; 2.35:1
tt0054412	1.66:1
tt0054452	1.66:1
tt0054453	2.35:1
tt0054469	2.35:1
tt0054473	1.85:1
tt0054483	1.85:1
tt0054615	1.85:1
tt0054649	1.37:1; 1.75:1
tt0054653	1.85:1
tt0054698	1.85:1
tt0054749	1.85:1; 2.35:1
tt0054757	2.35:1
tt0054759	2.35:1
tt0054847	2.25:1; 2.35:1
tt0054866	1.85:1
tt0054885	2.35:1
tt0054890	2.35:1
tt0054892	2.35:1
tt0054953	2.20:1; 2.35:1
tt0054997	2.35:1
tt0055018	2.35:1
tt0055031	1.85:1
tt0055047	2,25:1; 2.20:1; 2.21:1; 2.35:1
tt0055100	1.85:1
tt0055124	1.85:1
tt0055184	1.66:1
tt0055254	1.37:1; 1.75:1
tt0055256	2.35:1
tt0055257	4:3; 1.85:1
tt0055277	1.75:1
tt0055279	1.85:1
tt0055307	1.37:1; 1.66:1
tt0055312	2.39:1
tt0055353	1.85:1
tt0055370	2.35:1
tt0055382	1.85:1
tt0055399	1.85:1
tt0055471	1.85:1
tt0055499	1.37:1
tt0055506	1.66:1; 1.75:1
tt0055572	2.35:1
tt0055601	1.66:1
tt0055614	2.20:1; 2.35:1
tt0055728	2.35:1
tt0055774	2.20:1; 2.35:1
tt0055796	2.35:1
tt0055798	1.85:1
tt0055807	1.75:1
tt0055809	2.35:1
tt0055824	1.85:1
tt0055830	1.37:1
tt0055841	1.66:1
tt0055852	1.66:1
tt0055871	1.85:1
tt0055895	1.85:1
tt0055905	2.35:1
tt0055913	1.85:1
tt0055923	1.37:1
tt0055928	1.37:1; 1.75:1; 1.85:1; 1.66:1
tt0055950	1.66:1
tt0055998	1.85:1
tt0056048	2.20:1; 2.35:1
tt0056049	2.35:1
tt0056059	1.85:1
tt0056085	2.89:1; 2.20:1; 2.35:1; 2.75:1
tt0056093	1.66:1
tt0056095	1.37:1; 1.75:1
tt0056101	1.85:1
tt0056119	1.66:1
tt0056141	1.66:1
tt0056172	2.20:1; 2.35:1
tt0056193	1.66:1
tt0056196	1.85:1
tt0056197	2.20:1; 2.35:1
tt0056217	1.85:1
tt0056218	1.85:1
tt0056241	1.85:1
tt0056255	2.35:1
tt0056262	2.35:1
tt0056289	1.85:1
tt0056291	1.37:1
tt0056417	1.66:1
tt0056444	1.37:1
tt0056470	2.35:1
tt0056504	1.85:1
tt0056526	2.35:1
tt0056541	2.39:1
tt0056556	2.39:1; 2.20:1
tt0056575	2.35:1
tt0056592	1.85:1
tt0056626	2.35:1
tt0056632	1.85:1
tt0056663	1.37:1
tt0056668	1.37:1
tt0056671	1.85:1
tt0056687	1.85:1
tt0056704	1.66:1
tt0056732	1.37:1; 1.66:1
tt0056736	1.85:1
tt0056800	2.20:1; 2.25:1; 2.35:1
tt0056801	1.85:1
tt0056825	1.85:1
tt0056869	1.85:1
tt0056891	2.20:1; 2.35:1
tt0056903	1.85:1
tt0056907	2.20:1; 2.35:1
tt0056923	1.85:1
tt0056937	2.20:1; 2.35:1
tt0056940	2.35:1
tt0057012	1.37:1; 1.85:1; 1.66:1
tt0057069	2.35:1
tt0057071	1.85:1
tt0057076	1.37:1; 1.75:1
tt0057115	2.30:1; 2.69:1; 2.35:1
tt0057163	2.39:1
tt0057171	2.35:1
tt0057187	2.35:1
tt0057193	2.35:1; 2.55:1; 2.76:1
tt0057239	1.66:1
tt0057251	1.85:1
tt0057254	1.85:1
tt0057261	1.37:1; 1.66:1
tt0057263	1.85:1
tt0057277	1.37:1
tt0057298	2.35:1
tt0057329	2.35:1
tt0057345	2.35:1
tt0057358	1.37:1
tt0057360	1.85:1
tt0057413	2.20:1; 2.35:1
tt0057426	2.39:1
tt0057490	1.66:1
tt0057518	1.33:1; 1.75:1; 2.35:1
tt0057523	2.35:1
tt0057542	1.75:1
tt0057543	1.85:1
tt0057546	1.37:1; 1.75:1
tt0057565	2.35:1
tt0057578	1.66:1
tt0057581	1.85:1
tt0057590	1.37:1; 1.66:1
tt0057598	2.35:1
tt0057611	1.37:1
tt0057622	1.85:1
tt0057634	2.35:1
tt0057643	1.85:1
tt0057809	2.35:1
tt0057840	1.85:1
tt0057877	2.20:1; 2.35:1
tt0057879	1.85:1
tt0057917	2.20:1; 2.35:1
tt0057933	1.85:1
tt0057935	1.37:1
tt0057940	2.35:1; 2.20:1
tt0057952	2.25:1; 2.35:1
tt0057999	1.85:1
tt0058003	1.85:1
tt0058085	2.20:1; 2.76:1; 2.35:1
tt0058092	1.85:1
tt0058142	1.66:1
tt0058150	1.37:1; 1.75:1; 1.66:1; 1.85:1
tt0058153	1.85:1
tt0058182	1.66:1; 1.75:1
tt0058212	1.66:1
tt0058213	1.85:1
tt0058263	1.66:1
tt0058279	2.35:1
tt0058294	1.85:1
tt0058324	1.85:1
tt0058331	1.66:1
tt0058335	1.85:1
tt0058385	2.20:1; 2.35:1
tt0058404	1.85:1
tt0058429	1.66:1
tt0058437	2.39:1
tt0058500	1.85:1
tt0058529	2.35:1
tt0058557	1.66:1
tt0058564	1.85:1
tt0058571	1.85:1
tt0058576	1.85:1
tt0058580	1.85:1
tt0058586	2.35:1
tt0058620	1.37:1; 1.85:1
tt0058625	1.37:1
tt0058672	1.66:1
tt0058694	1.37:1; 1.85:1
tt0058708	2.20:1; 2.35:1
tt0058715	1.85:1
tt0058724	2.35:1
tt0058764	1.85:1
tt0058863	1.66:1
tt0058886	2.20:1
tt0058888	2.35:1
tt0058898	1.37:1
tt0058946	1.85:1
tt0058947	2.20:1; 2.76:1; 2.35:1
tt0058985	1.66:1
tt0059017	1.85:1
tt0059037	1.85:1
tt0059084	1.37:1; 1.66:1
tt0059113	2.20:1; 2.35:1
tt0059183	1.85:1
tt0059229	1.85:1
tt0059243	2.20:1; 2.35:1
tt0059245	2.76:1
tt0059250	2.35:1; 2.76:1
tt0059309	2.20:1; 2.35:1
tt0059314	2.35:1
tt0059319	2.35:1
tt0059362	1.66:1
tt0059399	2.20:1
tt0059410	1.85:1
tt0059496	1.85:1
tt0059518	2.35:1
tt0059527	1.37:1
tt0059557	2.35:1
tt0059573	2.35:1
tt0059575	1.85:1
tt0059592	2.35:1
tt0059646	1.66:1
tt0059712	1.85:1
tt0059719	1.85:1; 1.37:1
tt0059740	2.35:1
tt0059742	2.20:1; 2.35:1
tt0059749	1.66:1; 1.85:1
tt0059793	1.75:1
tt0059797	2.35:1; 2.20:1
tt0059800	2.35:1
tt0059825	1.66:1
tt0059885	2.35:1
tt0059896	2.35:1
tt0059903	1.66:1
tt0059927	2.35:1
tt0060086	2.35:1
tt0060107	2.35:1
tt0060121	2.35:1
tt0060138	1.66:1
tt0060164	2.35:1; 2.20:1
tt0060176	1.85:1
tt0060177	2.20:1; 2.35:1
tt0060182	2.20:1; 2.35:1
tt0060196	2.35:1
tt0060200	2.20:1; 2.35:1
tt0060218	2.35:1
tt0060371	1.66:1
tt0060390	1.66:1
tt0060397	2.35:1
tt0060437	2.39:1
tt0060438	1.85:1
tt0060445	2.35:1
tt0060453	1.37:1; 1.85:1
tt0060463	2.35:1
tt0060472	2.20:1; 2.35:1
tt0060490	2.39:1
tt0060491	2.20:1; 2.35:1
tt0060522	2.35:1
tt0060574	1.66:1
tt0060588	2.35:1; 2.76:1
tt0060648	2.35:1
tt0060665	1.66:1
tt0060708	1.66:1
tt0060714	1.66:1
tt0060728	1.85:1
tt0060760	1.85:1
tt0060801	1.66:1
tt0060802	1.33:1; 1.66:1
tt0060827	1.37:1
tt0060862	2.35:1
tt0060921	2.35:1
tt0060934	2.20:1; 2.35:1
tt0060955	1.66:1
tt0060959	1.37:1
tt0060980	1.85:1
tt0060983	2.35:1
tt0061107	1.85:1
tt0061122	1.85:1
tt0061170	2.35:1
tt0061180	1.66:1
tt0061184	1.85:1
tt0061209	1.85:1
tt0061328	1.85:1
tt0061385	1.85:1
tt0061407	2.20:1; 2.35:1
tt0061418	1.85:1
tt0061439	2.20:1; 2.35:1
tt0061452	2.39:1
tt0061495	1.37:1
tt0061502	2.20:1; 2.35:1
tt0061512	2.35:1
tt0061556	1.85:1
tt0061578	1.85:1; 2.20:1
tt0061620	1.66:1
tt0061648	2.20:1; 2.35:1
tt0061658	1.37:1
tt0061722	2.35:1
tt0061735	1.85:1
tt0061747	1.85:1
tt0061749	1.66:1
tt0061770	2.39:1
tt0061791	2.35:1
tt0061809	2.35:1
tt0061810	2.35:1
tt0061811	1.85:1
tt0061852	1.37:1; 1.66:1; 1.75:1
tt0061996	1.66:1
tt0062136	1.85:1
tt0062138	2.35:1
tt0062185	2.35:1
tt0062285	
tt0062362	1.85:1
tt0062376	1.66:1; 1.85:1
tt0062380	2.35:1
tt0062407	2.35:1
tt0062425	1.85:1
tt0062430	2.35:1
tt0062467	1.85:1
tt0062477	2.35:1
tt0062480	1.66:1
tt0062512	2.35:1
tt0062622	2.20:1; 2.35:1
tt0062695	1.66:1
tt0062711	2.35:1
tt0062760	1.85:1
tt0062765	1.85:1
tt0062803	1.33:1; 2.20:1; 2.39:1
tt0062873	2.20:1; 2.35:1
tt0062952	1.66:1
tt0062974	2.20:1; 2.39:1
tt0062990	1.85:1
tt0062994	2.20:1; 2.35:1
tt0063035	2.39:1
tt0063094	1.66:1
tt0063115	1.85:1
tt0063121	2.35:1; 2.20:1
tt0063128	2.35:1
tt0063141	1.66:1
tt0063149	1.37:1
tt0063210	2.35:1
tt0063227	2.20:1; 2.35:1
tt0063260	2.35:1
tt0063291	1.66:1
tt0063342	1.66:1
tt0063350	1.37:1; 1.85:1
tt0063356	1.85:1
tt0063374	2.39:1
tt0063415	2.35:1
tt0063442	2.35:1
tt0063462	1.37:1; 1.85:1
tt0063483	1.85:1
tt0063518	1.85:1
tt0063522	1.85:1
tt0063534	1.85:1
tt0063555	1.37:1
tt0063599	2.20:1; 2.35:1
tt0063611	1.37:1
tt0063678	1.85:1
tt0063688	1.33:1; 1.85:1
tt0063803	1.85:1
tt0063808	1.85:1
tt0063829	1.85:1
tt0063850	1.66:1
tt0064002	1.85:1
tt0064030	2.20:1; 2.35:1
tt0064040	1.85:1
tt0064072	2.20:1; 2.35:1
tt0064100	1.85:1
tt0064107	1.37:1; 1.78:1; 1.85:1
tt0064115	2.35:1
tt0064116	2.35:1
tt0064209	2.35:1
tt0064276	1.85:1
tt0064285	1.66:1
tt0064381	1.85:1
tt0064418	2.35:1; 2.20:1
tt0064437	1.85:1
tt0064451	2.35:1
tt0064471	1.66:1
tt0064505	2.35:1
tt0064513	2.35:1
tt0064541	1.66:1
tt0064555	2.35:1; 2.20:1
tt0064603	1.75:1
tt0064612	1.37:1
tt0064615	2.20:1; 2.35:1
tt0064631	2.35:1
tt0064652	1.85:1
tt0064665	1.37:1; 1.85:1; 1.66:1
tt0064757	2.35:1
tt0064782	2.20:1; 2.35:1
tt0064793	1.66:1
tt0064827	1.85:1
tt0064855	1.37:1
tt0064952	2.35:1
tt0065054	2.20:1; 2.35:1
tt0065063	1.85:1
tt0065112	1.85:1
tt0065126	1.85:1
tt0065127	2.35:1; 2.20:1
tt0065143	2.20:1; 2.35:1
tt0065207	2.20:1; 2.35:1
tt0065214	2.20:1; 2.35:1
tt0065215	2.20:1; 2.35:1
tt0065225	1.85:1
tt0065374	2.20:1; 2.35:1
tt0065377	2.35:1; 2.20:1
tt0065462	2.35:1
tt0065466	2.35:1
tt0065482	1.66:1
tt0065488	1.85:1
tt0065528	2.39:1
tt0065571	1.66:1
tt0065579	1.85:1
tt0065611	2.20:1; 2.35:1
tt0065622	1.85:1
tt0065636	1.85:1
tt0065703	1.66:1
tt0065724	1.85:1
tt0065772	1.37:1
tt0065780	1.37:1
tt0065797	2.39:1
tt0065836	1.85:1
tt0065895	2.35:1
tt0065916	1.85:1
tt0065988	2.20:1; 2.35:1
tt0066011	1.85:1
tt0066016	1.85:1
tt0066026	2.35:1
tt0066049	2.35:1
tt0066115	2.35:1
tt0066181	2.39:1
tt0066193	1.85:1
tt0066206	2.20:1; 2.35:1
tt0066319	2.35:1; 2.20:1
tt0066344	2.20:1; 2.35:1
tt0066393	2.35:1; 2.20:1
tt0066449	1.85:1
tt0066450	1.85:1
tt0066473	2.20:1; 2.35:1
tt0066528	1.85:1
tt0066550	1.85:1
tt0066579	1.75:1
tt0066580	1.37:1; 2.20:1; 2.35:1
tt0066767	1.85:1
tt0066769	2.20:1; 2.39:1
tt0066808	1.37:1; 1.85:1
tt0066817	1.75:1
tt0066832	1.33:1; 1.77:1
tt0066858	2.20:1; 2.35:1
tt0066892	2.39:1
tt0066921	1.66:1
tt0066927	1.85:1
tt0066960	
tt0066993	2.20:1; 2.35:1
tt0066995	2.39:1
tt0066999	2.20:1; 2.35:1
tt0067065	2.39:1
tt0067093	2.20:1; 2.35:1
tt0067116	1.85:1
tt0067185	1.85:1
tt0067217	1.85:1
tt0067309	2.39:1
tt0067314	1.85:1
tt0067328	1.37:1; 1.85:1
tt0067334	2.20:1; 2.35:1
tt0067402	2.20:1; 2.35:1
tt0067411	2.39:1
tt0067445	2.39:1
tt0067454	1.66:1
tt0067458	2.35:1
tt0067483	2.20:1; 2.35:1
tt0067525	2.35:1
tt0067535	1.85:1
tt0067589	1.85:1
tt0067741	1.85:1
tt0067800	1.85:1
tt0067803	1.85:1
tt0067805	1.66:1
tt0067810	1.85:1
tt0067893	2.35:1
tt0067921	1.85:1
tt0067961	1.33:1; 1.37:1
tt0068156	1.33:1; 2.35:1
tt0068168	1.85:1
tt0068182	1.37:1
tt0068240	1.85:1
tt0068284	1.85:1
tt0068306	1.85:1
tt0068323	1.85:1
tt0068327	1.85:1
tt0068341	1.85:1
tt0068408	2.39:1
tt0068421	2.20:1; 2.39:1
tt0068473	2.20:1; 2.35:1
tt0068555	1.85:1
tt0068595	1.66:1; 1.85:1
tt0068611	1.85:1
tt0068617	1.85:1
tt0068638	2.35:1
tt0068646	1.85:1
tt0068699	2.39:1
tt0068718	2.39:1
tt0068762	2.20:1; 2.35:1
tt0068767	2.35:1
tt0068828	2.39:1
tt0068833	1.85:1
tt0068835	1.85:1
tt0068909	2.20:1; 1.85:1
tt0068934	1.85:1
tt0069035	1.66:1
tt0069080	2.39:1
tt0069089	1.37:1; 1.66:1; 1.85:1
tt0069097	1.85:1
tt0069112	2.35:1
tt0069113	2.20:1; 2.39:1
tt0069121	2.39:1
tt0069198	1.85:1
tt0069257	2.39:1
tt0069279	2.35:1
tt0069280	1.85:1
tt0069281	1.85:1
tt0069293	2.20:1; 2.35:1
tt0069303	2.39:1
tt0069332	1.85:1
tt0069404	2.35:1
tt0069449	1.85:1
tt0069467	1.66:1
tt0069483	1.85:1
tt0069495	1.85:1
tt0069528	2.20:1; 2.35:1
tt0069704	2.33:1; 2.39:1
tt0069762	1.85:1
tt0069803	1.85:1
tt0069883	2.39:1
tt0069888	2.39:1
tt0069890	2.35:1
tt0069897	1.85:1
tt0069946	2.35:1
tt0069947	1.85:1
tt0069995	1.85:1
tt0070034	2.39:1
tt0070040	1.66:1; 1.78:1
tt0070046	1.66:1
tt0070047	1.37:1; 1.85:1
tt0070239	2.20:1; 2.39:1
tt0070290	1.85:1
tt0070291	1.85:1
tt0070328	1.85:1
tt0070337	2.20:1; 2.35:1
tt0070350	1.85:1
tt0070355	2.20:1; 2.39:1
tt0070359	1.37:1
tt0070379	1.85:1
tt0070444	1.85:1
tt0070510	1.66:1; 1.85:1
tt0070511	2.35:1
tt0070608	1.33:1; 1.75:1
tt0070640	1.85:1
tt0070643	2.39:1
tt0070666	1.85:1
tt0070672	1.85:1
tt0070707	1.85:1
tt0070735	1.85:1
tt0070736	1.85:1
tt0070800	2.35:1
tt0070814	2.35:1
tt0070819	2.39:1
tt0070820	1.37:1
tt0070849	1.85:1
tt0070884	1.85:1
tt0070895	1.85:1
tt0070902	1.85:1
tt0070903	2.39:1
tt0070909	2.39:1
tt0071110	2.35:1
tt0071115	1.85:1
tt0071129	1.85:1
tt0071141	1.37:1
tt0071206	1.85:1
tt0071212	1.85:1
tt0071230	2.39:1
tt0071269	2.35:1
tt0071315	2.35:1
tt0071334	1.85:1
tt0071360	1.37:1; 1.78:1; 1.85:1
tt0071402	1.85:1
tt0071455	2.20:1; 2.39:1
tt0071464	1.66:1
tt0071502	1.85:1
tt0071514	1.85:1
tt0071524	2.35:1
tt0071562	1.85:1
tt0071569	1.66:1; 1.85:1
tt0071577	1.85:1
tt0071583	1.85:1
tt0071598	1.85:1
tt0071604	1.85:1
tt0071607	1.75:1
tt0071675	1.85:1
tt0071690	1.37:1
tt0071691	1.66:1
tt0071733	1.66:1
tt0071746	1.85:1
tt0071771	1.85:1
tt0071772	1.85:1
tt0071803	2.39:1; 2.35:1
tt0071807	1.85:1; 1.66:1
tt0071853	1.66:1; 1.85:1
tt0071877	1.85:1
tt0071935	2.35:1
tt0071970	2.39:1
tt0072081	2.35:1
tt0072228	1.85:1
tt0072251	2.35:1
tt0072271	1.78:1; 1.85:1
tt0072272	1.33:1; 2.35:1; 1.85:1
tt0072281	1.85:1
tt0072284	1.85:1
tt0072288	2.39:1
tt0072308	2.20:1; 2.39:1
tt0072317	2.35:1
tt0072351	1.85:1
tt0072417	1.85:1
tt0072431	1.37:1; 1.85:1
tt0072443	1.37:1
tt0072610	1.85:1
tt0072653	1.75:1
tt0072684	1.66:1
tt0072705	2.39:1
tt0072737	2.35:1
tt0072742	1.33:1; 1.85:1
tt0072820	1.85:1
tt0072822	1.85:1
tt0072848	1.85:1
tt0072856	1.85:1
tt0072890	1.85:1
tt0072979	1.66:1
tt0073012	1.85:1
tt0073018	1.85:1
tt0073026	2.20:1; 2.35:1
tt0073075	2.35:1
tt0073092	2.35:1
tt0073107	1.85:1
tt0073113	2.20:1; 2.35:1
tt0073114	1.66:1
tt0073133	1.85:1
tt0073166	1.37:1
tt0073190	2.39:1
tt0073195	2.39:1
tt0073198	1.66:1
tt0073282	1.85:1
tt0073312	1.33:1; 1.85:1
tt0073317	1.85:1; 2.20:1
tt0073335	2.35:1
tt0073341	2.39:1
tt0073349	1.85:1
tt0073440	2.35:1
tt0073486	1.85:1
tt0073496	1.85:1
tt0073501	1.85:1
tt0073502	1.75:1
tt0073559	2.35:1
tt0073615	1.85:1
tt0073631	1.75:1
tt0073650	1.85:1
tt0073692	1.85:1
tt0073747	1.85:1
tt0073766	1.85:1
tt0073802	2.39:1
tt0073812	1.85:1
tt0073822	1.37:1
tt0073906	2.20:1; 2.35:1
tt0074119	1.85:1
tt0074152	1.66:1
tt0074156	2.39:1
tt0074174	1.85:1
tt0074207	1.85:1
tt0074235	1.85:1
tt0074256	1.85:1
tt0074281	1.85:1
tt0074285	1.85:1
tt0074360	1.66:1
tt0074452	2.20:1; 2.35:1
tt0074483	2.35:1
tt0074486	1.85:1
tt0074512	1.85:1
tt0074554	1.85:1
tt0074605	1.33:1
tt0074608	2.35:1
tt0074749	1.85:1
tt0074751	2.39:1
tt0074802	1.85:1
tt0074812	2.20:1; 2.39:1
tt0074851	2.35:1
tt0074860	1.85:1
tt0074870	1.37:1
tt0074899	2.39:1
tt0074906	1.85:1
tt0074923	2.35:1
tt0074937	1.85:1
tt0074958	1.85:1
tt0074991	2.35:1
tt0074995	1.85:1
tt0075005	2.39:1
tt0075029	2.39:1
tt0075066	2.35:1
tt0075144	1.85:1
tt0075147	1.85:1
tt0075148	1.37:1; 1.85:1
tt0075222	1.85:1
tt0075223	1.85:1
tt0075232	2.35:1
tt0075265	1.85:1
tt0075314	1.85:1
tt0075323	1.85:1; 2.35:1
tt0075357	1.66:1
tt0075359	2.39:1
tt0075404	1.37:1
tt0075612	2.35:1
tt0075627	1.66:1
tt0075648	2.35:1
tt0075686	1.85:1
tt0075718	1.85:1
tt0075765	2.39:1
tt0075774	2.35:1
tt0075784	2.20:1; 2.35:1
tt0075824	1.66:1
tt0075860	2.20:1; 2.39:1
tt0075925	2.39:1
tt0075930	1.85:1
tt0075938	1.37:1; 1.66:1
tt0075968	1.85:1
tt0076009	1.85:1
tt0076054	1.85:1
tt0076059	1.66:1; 1.85:1
tt0076085	1.85:1
tt0076095	1.85:1
tt0076106	1.85:1
tt0076111	1.85:1
tt0076137	1.75:1
tt0076138	1.85:1
tt0076141	1.33:1; 1.85:1
tt0076211	2.35:1
tt0076257	1.85:1
tt0076263	1.37:1
tt0076297	1.85:1
tt0076301	1.85:1
tt0076327	1.85:1
tt0076342	1.85:1
tt0076348	1.66:1
tt0076451	1.66:1
tt0076452	1.37:1
tt0076489	1.85:1
tt0076507	1.85:1
tt0076538	1.66:1
tt0076543	1.85:1
tt0076618	1.75:1
tt0076636	2.35:1
tt0076666	1.14:1; 1.33:1; 1.85:1
tt0076716	1.66:1; 1.85:1
tt0076723	1.85:1
tt0076729	1.85:1
tt0076740	1.85:1
tt0076752	2.39:1
tt0076759	2.35:1
tt0076786	2.35:1
tt0076913	1.85:1
tt0076941	1.85:1
tt0077138	1.33:1
tt0077228	1.85:1
tt0077248	1.85:1
tt0077269	1.85:1
tt0077280	1.85:1
tt0077288	1.66:1
tt0077289	1.85:1
tt0077318	2.35:1
tt0077321	2.35:1
tt0077362	1.85:1
tt0077381	2.20:1; 2.35:1
tt0077402	1.37:1; 1.85:1
tt0077405	1.85:1
tt0077413	1.85:1
tt0077416	2.39:1
tt0077504	1.85:1
tt0077523	1.85:1
tt0077530	1.85:1
tt0077531	1.85:1
tt0077548	1.85:1
tt0077578	1.85:1
tt0077588	1.85:1
tt0077631	2.20:1; 2.39:1
tt0077636	2.35:1
tt0077651	2.39:1
tt0077663	1.85:1
tt0077681	1.85:1
tt0077696	1.85:1
tt0077699	1.85:1
tt0077711	1.66:1
tt0077742	1.85:1
tt0077745	1.85:1
tt0077766	2.39:1
tt0077869	1.78:1
tt0077889	1.85:1
tt0077928	1.37:1; 1.85:1
tt0077975	1.85:1
tt0078034	1.85:1
tt0078111	1.33:1; 1.37:1; 1.85:1
tt0078122	1.66:1
tt0078163	2.35:1
tt0078199	1.85:1
tt0078227	1.85:1
tt0078239	2.20:1; 2.39:1
tt0078326	1.85:1
tt0078346	2.39:1
tt0078382	1.66:1; 1.85:1
tt0078444	1.85:1
tt0078446	2.35:1
tt0078504	1.85:1
tt0078718	1.85:1
tt0078721	2.39:1
tt0078748	2.20:1; 2.39:1
tt0078754	1.85:1
tt0078767	1.85:1
tt0078788	2.00:1; 2.20:1; 2.39:1
tt0078841	1.85:1
tt0078875	2.20:1; 1.66:1
tt0078902	1.85:1
tt0078950	1.85:1
tt0078966	1.85:1
tt0079073	2.39:1
tt0079082	1.37:1; 1.85:1
tt0079095	1.66:1
tt0079116	1.85:1
tt0079118	1.78:1
tt0079219	1.85:1
tt0079240	1.85:1
tt0079261	1.85:1
tt0079271	1.85:1
tt0079336	1.85:1
tt0079417	1.85:1
tt0079470	1.85:1
tt0079489	1.85:1
tt0079510	1.85:1
tt0079522	2.39:1
tt0079540	1.85:1
tt0079574	2.20:1; 2.39:1
tt0079576	1.37:1; 1.85:1; 2.39:1
tt0079588	1.14:1; 1.33:1; 1.85:1
tt0079638	2.39:1
tt0079640	2.39:1
tt0079641	1.85:1
tt0079668	1.85:1
tt0079714	1.85:1
tt0079756	2.35:1
tt0079817	1.85:1
tt0079826	1.85:1
tt0079854	1.66:1
tt0079875	1.85:1
tt0079944	1.37:1
tt0079945	2.20:1; 2.39:1
tt0079948	1.85:1
tt0080009	2.20:1; 2.35:1
tt0080025	2.39:1
tt0080120	1.78:1; 1.85:1
tt0080130	1.85:1
tt0080140	1.85:1
tt0080157	1.85:1
tt0080310	1.85:1
tt0080319	1.85:1
tt0080339	1.78:1; 1.85:1
tt0080360	2.20:1; 1.85:1
tt0080365	1.85:1
tt0080377	1.85:1
tt0080388	1.66:1
tt0080402	1.85:1
tt0080436	2.39:1
tt0080453	1.85:1
tt0080455	1.14:1; 1.33:1; 1.85:1
tt0080472	1.85:1
tt0080474	1.85:1
tt0080487	1.85:1
tt0080520	1.85:1
tt0080549	1.85:1
tt0080556	1.85:1
tt0080610	1.66:1
tt0080634	2.20:1; 2.35:1
tt0080678	2.35:1
tt0080684	1.33:1; 2.35:1; 2.39:1
tt0080716	1.85:1
tt0080731	1.85:1
tt0080739	1.85:1
tt0080745	2.20:1; 2.35:1
tt0080749	2.35:1
tt0080754	1.85:1
tt0080756	1.85:1
tt0080761	1.85:1
tt0080762	1.37:1
tt0080801	2.39:1
tt0080850	1.85:1
tt0080863	1.85:1
tt0080888	2.39:1
tt0080917	1.85:1
tt0080934	2.20:1; 2.35:1
tt0080948	1.85:1
tt0080979	1.85:1
tt0081032	1.85:1
tt0081063	1.85:1
tt0081071	1.85:1
tt0081114	1.85:1
tt0081150	1.85:1
tt0081184	1.85:1
tt0081207	1.85:1
tt0081249	1.85:1
tt0081268	1.85:1
tt0081269	1.85:1
tt0081283	1.85:1
tt0081353	2.39:1
tt0081375	1.85:1
tt0081398	1.85:1
tt0081505	1.37:1; 1.66:1; 1.85:1
tt0081529	1.85:1
tt0081534	1.85:1
tt0081554	1.85:1
tt0081562	1.85:1
tt0081568	1.85:1
tt0081573	2.20:1; 2.39:1
tt0081633	1.85:1
tt0081748	1.85:1
tt0081751	2.39:1
tt0081777	1.85:1
tt0081974	1.85:1
tt0082001	1.85:1
tt0082010	1.85:1
tt0082031	1.85:1
tt0082042	2.35:1
tt0082089	1.85:1
tt0082121	1.85:1
tt0082136	1.85:1
tt0082158	1.85:1
tt0082198	2.35:1
tt0082200	1.85:1
tt0082269	1.66:1
tt0082288	2.20:1; 2.39:1
tt0082329	1.85:1
tt0082348	1.66:1
tt0082377	2.39:1
tt0082398	2.39:1
tt0082405	1.85:1
tt0082406	1.33:1; 1.66:1; 1.75:1
tt0082416	1.85:1
tt0082418	1.85:1
tt0082427	2.39:1
tt0082449	1.33:1; 1.85:1
tt0082474	1.33:1; 1.85:1
tt0082477	1.85:1
tt0082495	2.35:1
tt0082497	1.85:1
tt0082507	2.39:1
tt0082517	2.39:1
tt0082525	1.85:1
tt0082533	1.66:1; 1.85:1
tt0082558	1.85:1
tt0082619	1.85:1
tt0082648	2.35:1
tt0082694	2.20:1; 2.39:1
tt0082764	1.85:1
tt0082801	1.85:1
tt0082817	1.85:1
tt0082846	1.85:1
tt0082869	2.20:1; 2.35:1
tt0082894	1.85:1
tt0082912	1.85:1
tt0082945	1.85:1
tt0082958	1.85:1
tt0082969	1.85:1
tt0082970	2.39:1
tt0082971	1.37:1; 1.85:1; 2.20:1; 2.39:1
tt0082979	1.85:1
tt0083006	1.85:1
tt0083015	2.35:1
tt0083064	1.85:1; 2.20:1
tt0083107	1.85:1
tt0083113	2.35:1
tt0083131	1.85:1
tt0083133	1.85:1
tt0083169	1.85:1
tt0083193	1.85:1
tt0083254	1.78:1
tt0083336	2.20:1; 2.35:1
tt0083365	1.85:1
tt0083511	1.85:1
tt0083530	1.85:1
tt0083564	2.20:1; 2.39:1
tt0083641	1.85:1
tt0083642	2.35:1
tt0083658	2.20:1; 2.39:1
tt0083739	1.85:1
tt0083767	1.37:1; 1.85:1
tt0083791	2.20:1; 2.39:1
tt0083798	1.85:1
tt0083806	1.85:1
tt0083866	1.66:1; 1.85:1
tt0083907	1.37:1; 1.66:1
tt0083922	1.66:1
tt0083929	1.85:1
tt0083943	2.20:1; 2.39:1
tt0083944	2.39:1
tt0083946	1.85:1
tt0083972	2.35:1
tt0083987	2.20:1; 2.35:1
tt0084058	1.66:1
tt0084335	1.85:1
tt0084354	1.85:1
tt0084370	1.85:1
tt0084412	1.85:1
tt0084422	1.66:1
tt0084434	1.85:1
tt0084503	2.20:1; 2.39:1
tt0084516	2.20:1; 2.39:1
tt0084522	1.85:1
tt0084556	1.85:1
tt0084597	1.85:1
tt0084602	4:3; 1.85:1
tt0084628	1.66:1
tt0084654	1.66:1
tt0084690	1.85:1
tt0084698	1.66:1
tt0084707	1.85:1
tt0084725	1.66:1
tt0084726	2.20:1; 2.39:1
tt0084749	1.85:1
tt0084776	1.85:1
tt0084787	2.20:1; 2.39:1
tt0084788	2.35:1
tt0084805	2.39:1
tt0084809	1.85:1
tt0084827	2.20:1; 2.39:1
tt0084855	1.85:1
tt0084865	2.35:1
tt0084917	1.85:1
tt0084938	1.85:1
tt0085154	1.85:1
tt0085180	1.66:1
tt0085244	1.85:1
tt0085255	2.20:1; 2.39:1
tt0085267	1.33:1
tt0085276	1.85:1
tt0085346	1.85:1
tt0085370	2.35:1
tt0085382	1.85:1
tt0085407	1.85:1
tt0085470	1.85:1
tt0085478	1.85:1
tt0085549	1.14:1; 1.85:1
tt0085678	1.85:1
tt0085750	2.39:1
tt0085794	1.85:1
tt0085811	2.20:1; 2.39:1
tt0085859	1.85:1
tt0085959	1.85:1
tt0085970	1.85:1
tt0085980	1.85:1
tt0085995	1.85:1
tt0086005	1.85:1
tt0086006	2.20:1; 2.39:1
tt0086034	2.20:1; 2.39:1
tt0086066	2.39:1
tt0086129	1.85:1
tt0086143	1.85:1
tt0086154	1.85:1
tt0086190	2.39:1
tt0086194	1.85:1
tt0086197	1.37:1; 1.85:1
tt0086200	1.85:1
tt0086250	2.39:1
tt0086312	1.85:1
tt0086346	1.85:1; 2.35:1
tt0086352	1.85:1
tt0086361	1.85:1
tt0086366	1.85:1
tt0086383	2.35:1
tt0086393	2.20:1; 2.39:1
tt0086397	1.85:1
tt0086423	1.85:1
tt0086425	1.85:1
tt0086465	1.85:1
tt0086491	1.85:1
tt0086508	1.85:1
tt0086525	1.85:1
tt0086541	4:3; 1.85:1
tt0086567	1.85:1
tt0086619	1.85:1
tt0086637	1.85:1
tt0086837	2.20:1; 2.35:1
tt0086859	1.85:1
tt0086873	1.85:1
tt0086879	2.20:1; 2.39:1
tt0086927	1.85:1
tt0086955	1.85:1
tt0086960	1.37:1; 1.85:1
tt0086969	1.85:1
tt0086979	1.85:1
tt0086998	1.85:1
tt0087004	1.85:1
tt0087032	1.85:1
tt0087054	1.85:1
tt0087062	2.20:1; 1.85:1
tt0087078	2.35:1
tt0087089	1.85:1
tt0087182	2.20:1; 2.35:1
tt0087265	1.85:1
tt0087277	1.14:1; 1.33:1; 1.85:1
tt0087298	1.85:1
tt0087328	
tt0087332	2.20:1; 2.39:1
tt0087363	1.85:1; 2.20:1
tt0087365	2.20:1; 2.39:1
tt0087425	1.85:1
tt0087469	1.33:1; 1.78:1; 2.20:1; 2.39:1
tt0087538	1.85:1
tt0087553	1.85:1
tt0087597	2.20:1; 2.39:1
tt0087718	2.35:1
tt0087727	1.85:1
tt0087747	1.85:1
tt0087755	1.85:1
tt0087781	1.85:1
tt0087800	1.78:1
tt0087835	1.85:1
tt0087843	1.85:1
tt0087884	1.66:1; 1.85:1
tt0087892	1.85:1
tt0087921	1.85:1
tt0087928	1.85:1
tt0087957	1.14:1; 1.33:1; 1.85:1
tt0087985	1.85:1
tt0088000	1.85:1
tt0088001	2.35:1
tt0088011	2.39:1
tt0088128	1.85:1
tt0088146	1.85:1
tt0088161	1.85:1
tt0088170	2.20:1; 2.39:1
tt0088184	1.85:1
tt0088196	1.37:1
tt0088242	1.85:1
tt0088247	1.85:1
tt0088272	1.85:1
tt0088286	1.85:1
tt0088318	1.66:1
tt0088323	2.35:1
tt0088414	1.85:1
tt0088680	1.85:1
tt0088683	1.85:1
tt0088763	1.37:1; 1.85:1
tt0088814	2.20:1; 2.25:1; 2.39:1; 2.35:1
tt0088846	1.66:1; 1.85:1
tt0088847	1.85:1
tt0088850	1.85:1
tt0088885	1.33:1; 1.85:1
tt0088915	2.35:1
tt0088933	1.85:1
tt0088936	1.85:1
tt0088939	1.66:1; 1.85:1
tt0088944	1.85:1
tt0089015	1.85:1
tt0089017	1.85:1
tt0089087	2.20:1; 2.35:1
tt0089118	1.85:1
tt0089155	1.85:1
tt0089173	1.85:1
tt0089175	2.39:1
tt0089218	2.20:1; 2.39:1
tt0089276	1.85:1
tt0089348	1.85:1
tt0089360	1.85:1
tt0089370	2.39:1
tt0089424	1.85:1
tt0089457	2.20:1; 2.39:1
tt0089461	1.85:1
tt0089530	2.20:1; 2.39:1
tt0089537	1.37:1
tt0089560	1.85:1
tt0089606	1.66:1
tt0089643	1.85:1
tt0089670	1.85:1
tt0089755	1.85:1
tt0089767	2.39:1
tt0089791	1.37:1; 1.85:1
tt0089822	1.85:1
tt0089826	1.85:1
tt0089841	1.85:1
tt0089853	1.85:1
tt0089880	2.20:1; 2.35:1
tt0089881	1.85:1
tt0089927	2.39:1; 1.37:1; 1.85:1
tt0089941	1.85:1
tt0089960	1.66:1
tt0089961	2.20:1; 2.35:1
tt0090022	1.85:1; 2.20:1; 2.39:1
tt0090056	1.85:1
tt0090060	2.39:1
tt0090098	1.85:1
tt0090142	1.85:1
tt0090190	1.33:1; 1.85:1
tt0090192	1.85:1
tt0090264	2.39:1
tt0090274	1.85:1
tt0090305	1.85:1
tt0090319	1.85:1
tt0090329	1.85:1
tt0090350	2.39:1
tt0090555	2.35:1
tt0090557	2.35:1
tt0090563	1.66:1
tt0090583	1.85:1
tt0090605	1.37:1; 1.85:1
tt0090633	1.66:1; 1.37:1; 1.85:1
tt0090685	1.85:1
tt0090738	1.85:1
tt0090756	2.35:1
tt0090830	1.85:1
tt0090859	1.85:1
tt0090863	1.85:1
tt0090886	1.85:1
tt0090966	1.85:1
tt0090967	1.85:1
tt0090985	1.85:1
tt0091042	1.37:1; 2.39:1
tt0091059	1.85:1
tt0091064	1.85:1
tt0091080	1.85:1
tt0091129	1.85:1
tt0091149	1.85:1
tt0091159	2.20:1; 2.35:1
tt0091167	1.85:1
tt0091187	1.85:1
tt0091188	1.85:1
tt0091217	1.85:1
tt0091223	1.85:1
tt0091251	1.37:1
tt0091278	1.85:1
tt0091288	2.35:1
tt0091306	1.85:1
tt0091396	2.35:1
tt0091419	1.85:1
tt0091530	2.20:1; 2.39:1
tt0091538	1.85:1
tt0091541	1.85:1
tt0091653	1.85:1
tt0091738	1.85:1
tt0091763	2.35:1; 1.85:1
tt0091777	1.85:1
tt0091778	2.39:1
tt0091790	1.85:1
tt0091867	1.66:1
tt0091875	2.35:1
tt0091877	1.85:1
tt0091949	2.35:1
tt0092005	1.85:1
tt0092007	2.20:1; 2.39:1
tt0092048	1.37:1; 1.85:1
tt0092086	1.85:1
tt0092099	2.20:1; 2.39:1
tt0092147	1.85:1
tt0092214	1.85:1
tt0092493	2.39:1
tt0092513	1.85:1
tt0092593	1.66:1
tt0092603	1.66:1
tt0092605	1.85:1
tt0092644	2.39:1
tt0092666	2.39:1
tt0092699	1.85:1
tt0092718	1.33:1; 1.85:1
tt0092804	2.20:1; 2.35:1
tt0092843	1.85:1
tt0092890	1.85:1
tt0092925	1.85:1
tt0092948	1.85:1
tt0092965	1.66:1; 1.85:1
tt0092974	2.35:1
tt0093010	1.85:1
tt0093058	1.37:1; 1.66:1; 1.85:1
tt0093105	1.85:1
tt0093148	1.85:1
tt0093191	1.37:1; 1.66:1
tt0093200	1.85:1
tt0093209	1.85:1
tt0093223	1.85:1
tt0093260	1.14:1; 1.85:1
tt0093342	1.66:1
tt0093378	1.85:1
tt0093389	2.00:1; 2.20:1; 2.39:1
tt0093409	1.85:1
tt0093418	1.85:1
tt0093428	2.20:1; 2.39:1
tt0093437	2.20:1; 2.39:1
tt0093493	1.85:1
tt0093565	1.85:1
tt0093629	1.85:1
tt0093640	1.85:1
tt0093660	1.85:1
tt0093690	1.85:1
tt0093713	1.85:1
tt0093748	1.85:1
tt0093756	1.85:1
tt0093773	1.85:1
tt0093779	1.85:1
tt0093822	1.85:1
tt0093857	1.85:1
tt0093870	1.66:1; 1.85:1
tt0093886	2.39:1
tt0093894	1.85:1
tt0093936	1.85:1
tt0094012	1.85:1
tt0094025	1.85:1
tt0094072	1.85:1
tt0094137	1.85:1
tt0094142	1.85:1
tt0094155	1.85:1
tt0094226	2.20:1; 2.35:1
tt0094291	1.85:1
tt0094332	2.20:1; 2.39:1
tt0094606	2.39:1
tt0094608	1.85:1
tt0094631	2.20:1; 2.35:1
tt0094715	1.85:1
tt0094721	1.85:1
tt0094731	1.85:1
tt0094737	1.85:1
tt0094739	1.85:1
tt0094746	2.35:1
tt0094747	1.85:1
tt0094812	1.85:1
tt0094862	1.85:1
tt0094889	1.85:1
tt0094894	1.85:1
tt0094898	1.85:1
tt0094924	2.39:1
tt0094947	1.85:1
tt0094963	1.85:1
tt0094964	1.37:1; 1.66:1; 1.85:1
tt0095016	2.20:1; 2.39:1
tt0095031	1.85:1
tt0095107	1.85:1
tt0095159	1.37:1; 1.85:1
tt0095188	1.85:1
tt0095243	1.85:1
tt0095253	1.85:1
tt0095489	1.20:1; 1.37:1; 1.85:1
tt0095497	1.85:1
tt0095519	1.33:1; 1.85:1
tt0095593	1.85:1
tt0095631	1.85:1
tt0095647	1.85:1
tt0095675	1.85:1
tt0095705	1.85:1
tt0095742	1.85:1
tt0095776	1.66:1; 1.85:1
tt0095800	2.20:1; 2.35:1
tt0095927	1.85:1
tt0095953	1.85:1
tt0095956	2.35:1
tt0095963	1.85:1
tt0096018	1.85:1
tt0096028	1.85:1
tt0096061	1.85:1
tt0096098	2.20:1; 2.35:1
tt0096101	1.85:1
tt0096244	1.85:1
tt0096257	1.85:1; 1.37:1
tt0096320	1.85:1
tt0096332	1.85:1
tt0096438	1.33:1; 1.85:1
tt0096446	2.20:1; 2.39:1
tt0096463	1.85:1
tt0096464	1.85:1
tt0096487	1.85:1
tt0096734	1.85:1
tt0096754	1.33:1; 2.20:1; 2.39:1
tt0096794	1.85:1
tt0096874	1.37:1; 1.85:1
tt0096895	1.85:1
tt0096928	2.39:1
tt0096933	2.20:1; 2.39:1
tt0096969	2.20:1; 2.35:1
tt0097123	1.85:1
tt0097165	1.85:1
tt0097216	1.66:1; 1.85:1
tt0097235	1.85:1
tt0097239	1.85:1
tt0097240	1.85:1
tt0097276	1.85:1
tt0097351	1.85:1
tt0097366	1.85:1
tt0097372	1.37:1
tt0097428	2.39:1
tt0097441	1.85:1
tt0097481	1.85:1
tt0097493	1.78:1; 1.85:1
tt0097499	1.85:1
tt0097523	1.33:1; 1.85:1
tt0097576	2.20:1; 2.39:1
tt0097637	1.85:1
tt0097647	1.85:1
tt0097722	1.85:1
tt0097733	2.20:1; 2.39:1
tt0097742	2.39:1
tt0097757	1.66:1; 1.85:1
tt0097778	1.85:1
tt0097815	1.85:1
tt0097937	1.85:1
tt0097958	1.85:1
tt0097981	1.85:1
tt0098067	1.85:1
tt0098084	1.85:1
tt0098206	2.39:1
tt0098213	1.66:1
tt0098273	1.85:1
tt0098282	1.85:1
tt0098319	1.85:1
tt0098382	2.20:1; 2.39:1
tt0098384	1.85:1
tt0098439	2.20:1; 2.39:1
tt0098471	1.85:1
tt0098536	1.85:1
tt0098554	1.85:1
tt0098621	1.85:1
tt0098627	1.85:1
tt0098635	1.33:1; 1.85:1
tt0098724	1.85:1
tt0098725	1.85:1
tt0098966	1.85:1
tt0099005	2.35:1
tt0099044	1.85:1
tt0099052	1.85:1
tt0099073	1.85:1
tt0099077	1.85:1
tt0099088	1.85:1
tt0099121	1.33:1
tt0099141	1.85:1; 2.39:1
tt0099204	1.85:1
tt0099253	1.85:1
tt0099334	1.66:1
tt0099348	2.20:1; 2.39:1
tt0099365	1.85:1
tt0099371	2.20:1; 2.39:1
tt0099422	1.85:1
tt0099423	2.20:1; 2.39:1
tt0099487	1.14:1; 1.85:1
tt0099582	2.20:1; 2.39:1
tt0099653	1.85:1
tt0099674	1.85:1
tt0099685	1.85:1
tt0099699	1.85:1
tt0099700	1.85:1
tt0099703	1.85:1
tt0099739	1.85:1
tt0099776	1.66:1
tt0099785	1.14:1; 1.33:1; 1.85:1
tt0099800	1.85:1
tt0099810	2.20:1; 2.35:1
tt0099850	1.85:1
tt0099871	1.85:1
tt0099892	2.35:1
tt0099938	1.85:1
tt0100024	1.85:1
tt0100114	2.35:1
tt0100133	1.85:1
tt0100142	1.66:1
tt0100157	1.85:1
tt0100234	1.37:1; 1.85:1
tt0100318	1.85:1
tt0100332	1.33:1
tt0100395	1.85:1
tt0100403	1.85:1
tt0100404	1.85:1
tt0100405	1.85:1
tt0100419	1.85:1
tt0100436	1.85:1
tt0100486	1.85:1
tt0100502	1.85:1
tt0100507	1.85:1
tt0100530	2.35:1
tt0100594	1.85:1
tt0100758	1.85:1
tt0100802	1.85:1
tt0100994	2.39:1
tt0101272	1.37:1; 1.85:1
tt0101393	2.20:1; 2.39:1
tt0101410	1.66:1; 1.85:1
tt0101414	1.66:1; 1.85:1
tt0101452	1.85:1
tt0101507	1.85:1
tt0101516	2.35:1
tt0101540	2.35:1
tt0101587	1.85:1
tt0101605	1.85:1
tt0101635	1.85:1
tt0101669	1.85:1
tt0101694	1.85:1
tt0101745	1.85:1
tt0101746	1.85:1
tt0101761	2.20:1; 2.39:1
tt0101764	1.85:1
tt0101765	1.66:1
tt0101787	1.85:1
tt0101862	1.85:1
tt0101889	1.85:1
tt0101917	1.85:1
tt0101921	1.85:1
tt0101969	2.35:1
tt0101985	1.85:1
tt0102048	1.85:1
tt0102057	2.39:1
tt0102059	1.85:1
tt0102114	
tt0102116	1.85:1
tt0102138	1.33:1; 2.39:1
tt0102175	1.85:1
tt0102216	1.66:1; 1.85:1
tt0102250	1.85:1
tt0102266	1.33:1; 2.20:1; 2.39:1
tt0102426	1.85:1
tt0102492	1.85:1
tt0102494	1.85:1
tt0102510	1.85:1
tt0102511	1.85:1
tt0102517	1.85:1
tt0102526	1.85:1
tt0102592	1.85:1
tt0102614	2.35:1
tt0102685	2.20:1; 2.35:1
tt0102687	1.66:1; 1.78:1
tt0102713	1.85:1
tt0102768	1.85:1
tt0102798	1.85:1
tt0102803	2.20:1; 2.39:1
tt0102926	1.85:1
tt0102943	1.37:1
tt0102945	1.85:1
tt0102951	1.85:1
tt0102975	2.00:1; 2.20:1; 2.39:1
tt0103060	1.85:1
tt0103064	2.39:1
tt0103074	2.35:1
tt0103110	1.66:1
tt0103241	1.85:1
tt0103247	1.66:1; 1.85:1; 1.37:1
tt0103596	1.85:1
tt0103639	1.66:1; 1.78:1; 1.85:1
tt0103644	2.20:1; 2.39:1
tt0103772	2.39:1
tt0103776	1.85:1
tt0103786	1.85:1
tt0103791	2.35:1
tt0103855	1.85:1
tt0103859	1.85:1
tt0103874	1.85:1
tt0103882	1.85:1
tt0103994	1.85:1
tt0104036	2.39:1
tt0104057	1.85:1
tt0104070	1.66:1; 1.85:1; 1.37:1
tt0104114	1.85:1
tt0104187	1.66:1; 1.85:1
tt0104231	2.20:1; 2.28:1; 2.39:1
tt0104257	2.35:1
tt0104265	1.85:1
tt0104389	1.85:1
tt0104427	2.39:1
tt0104431	1.14:1; 1.33:1; 1.85:1
tt0104437	1.33:1; 1.85:1
tt0104438	1.85:1
tt0104452	1.85:1
tt0104454	2.20:1; 2.39:1
tt0104507	1.85:1
tt0104691	2.20:1; 2.35:1
tt0104692	1.85:1
tt0104694	1.33:1; 2.20:1; 2.39:1
tt0104714	2.35:1
tt0104797	1.85:1
tt0104839	2.35:1
tt0104868	1.85:1
tt0104897	1.85:1
tt0104952	1.85:1
tt0105104	2.39:1
tt0105112	2.20:1; 2.39:1; 2.35:1
tt0105151	1.85:1
tt0105197	1.85:1
tt0105236	1.37:1; 1.78:1; 2.35:1
tt0105265	1.85:1
tt0105323	1.85:1
tt0105414	1.85:1
tt0105417	1.85:1
tt0105428	1.85:1
tt0105435	1.33:1; 1.85:1
tt0105488	1.85:1
tt0105665	1.85:1
tt0105690	1.85:1
tt0105695	2.39:1
tt0105698	2.39:1
tt0105699	1.85:1
tt0105793	1.85:1
tt0105812	1.85:1
tt0105885	1.85:1
tt0106220	1.33:1; 1.85:1
tt0106226	2.39:1
tt0106246	1.85:1
tt0106332	1.85:1
tt0106375	1.85:1
tt0106519	2.35:1
tt0106582	2.39:1; 2.20:1
tt0106673	1.85:1
tt0106677	1.85:1
tt0106697	2.39:1
tt0106701	1.85:1
tt0106770	2.39:1
tt0106856	2.39:1
tt0106918	1.85:1
tt0106965	2.39:1
tt0106966	1.85:1
tt0106977	1.85:1
tt0107034	1.85:1
tt0107048	1.85:1
tt0107050	1.85:1
tt0107076	1.85:1
tt0107120	1.85:1
tt0107131	1.85:1
tt0107144	1.85:1
tt0107206	2.20:1; 2.39:1
tt0107207	1.85:1
tt0107211	1.85:1
tt0107282	1.85:1
tt0107290	1.37:1; 1.85:1
tt0107362	2.35:1
tt0107478	1.85:1
tt0107497	1.85:1
tt0107614	2.39:1
tt0107616	1.85:1
tt0107653	1.66:1
tt0107688	1.14:1; 1.66:1; 1.72:1; 1.85:1
tt0107756	1.85:1
tt0107798	2.39:1
tt0107818	1.85:1
tt0107822	1.85:1
tt0107943	2.20:1; 2.39:1
tt0107969	1.85:1
tt0107977	1.85:1
tt0107985	1.85:1
tt0108037	2.39:1
tt0108052	1.85:1
tt0108101	2.39:1
tt0108122	1.78:1; 2.20:1; 2.35:1
tt0108147	1.85:1
tt0108160	1.85:1
tt0108162	2.35:1
tt0108185	2.39:1
tt0108186	1.85:1
tt0108308	1.85:1
tt0108323	1.37:1
tt0108333	1.85:1
tt0108358	2.35:1
tt0108394	1.85:1
tt0108515	1.66:1
tt0108525	1.85:1
tt0108551	1.85:1
tt0109040	1.85:1
tt0109045	2.35:1
tt0109127	1.37:1; 1.85:1
tt0109254	1.85:1
tt0109287	1.85:1
tt0109303	2.35:1
tt0109424	1.66:1
tt0109439	1.85:1
tt0109444	2.39:1
tt0109445	1.66:1; 1.37:1; 1.85:1
tt0109446	2.39:1
tt0109506	1.85:1
tt0109508	1.37:1
tt0109520	1.85:1
tt0109635	2.39:1
tt0109686	1.33:1; 1.85:1
tt0109707	1.85:1
tt0109759	1.85:1
tt0109813	1.14:1; 1.37:1; 1.85:1
tt0109830	2.39:1
tt0109831	1.85:1
tt0109951	1.85:1
tt0110005	2.39:1
tt0110057	1.33:1; 1.85:1
tt0110093	1.85:1
tt0110123	1.85:1
tt0110148	1.85:1
tt0110167	1.85:1
tt0110216	1.85:1
tt0110265	1.85:1
tt0110308	1.85:1
tt0110322	1.85:1
tt0110357	1.66:1; 1.78:1; 1.85:1
tt0110366	1.33:1; 1.85:1
tt0110367	1.85:1
tt0110399	1.85:1
tt0110428	1.85:1
tt0110442	1.85:1
tt0110475	1.85:1
tt0110478	2.39:1
tt0110622	1.85:1
tt0110632	1.85:1
tt0110649	1.85:1
tt0110684	1.85:1
tt0110725	2.39:1
tt0110771	1.85:1
tt0110877	1.66:1
tt0110882	1.85:1
tt0110912	2.39:1
tt0110932	1.85:1
tt0110963	1.85:1
tt0110997	2.39:1
tt0111070	1.85:1
tt0111143	1.33:1; 1.85:1
tt0111161	1.85:1
tt0111255	1.85:1
tt0111257	2.39:1
tt0111280	2.39:1
tt0111282	2.39:1
tt0111438	2.35:1
tt0111495	1.85:1
tt0111503	1.78:1; 2.20:1; 2.39:1
tt0111507	1.85:1
tt0111579	1.66:1
tt0111693	1.85:1
tt0111742	1.85:1
tt0111845	1.66:1
tt0112281	2.39:1
tt0112288	1.85:1
tt0112346	2.39:1
tt0112379	1.85:1
tt0112384	1.66:1; 2.20:1; 1.78:1; 2.39:1
tt0112431	1.85:1
tt0112442	1.85:1
tt0112462	1.85:1
tt0112471	1.66:1; 1.85:1
tt0112572	1.85:1
tt0112573	2.20:1; 2.39:1
tt0112579	1.85:1
tt0112641	1.33:1; 2.39:1
tt0112642	1.14:1; 1.85:1
tt0112697	1.85:1
tt0112715	1.85:1
tt0112740	2.39:1
tt0112769	1.66:1
tt0112792	1.85:1
tt0112817	1.85:1
tt0112818	1.85:1
tt0112819	2.35:1
tt0112864	2.39:1
tt0112887	1.85:1
tt0113041	1.85:1
tt0113071	1.85:1
tt0113117	2.39:1
tt0113161	1.85:1
tt0113189	2.20:1; 2.39:1
tt0113198	1.85:1
tt0113228	1.85:1
tt0113247	1.85:1
tt0113277	2.39:1
tt0113305	1.85:1
tt0113419	1.85:1
tt0113464	1.85:1
tt0113492	2.20:1; 2.39:1
tt0113497	1.85:1
tt0113501	2.39:1
tt0113540	1.85:1
tt0113627	1.66:1
tt0113670	1.85:1
tt0113677	1.85:1
tt0113749	1.85:1
tt0113755	1.85:1
tt0113820	1.85:1
tt0113845	2.39:1
tt0113855	1.85:1
tt0113862	2.35:1
tt0113957	1.66:1; 1.85:1
tt0113986	2.39:1
tt0114069	1.85:1
tt0114148	1.66:1; 1.78:1; 1.85:1
tt0114279	2.35:1
tt0114323	1.85:1
tt0114369	2.20:1; 2.39:1
tt0114388	1.85:1
tt0114496	1.85:1
tt0114508	2.39:1
tt0114594	1.85:1
tt0114682	1.85:1
tt0114709	1.33:1; 1.66:1; 1.78:1; 1.85:1
tt0114746	1.85:1
tt0114781	1.85:1
tt0114814	2.20:1; 2.39:1
tt0114885	1.85:1
tt0114887	1.85:1
tt0114898	1.85:1
tt0114906	1.85:1
tt0114924	1.85:1
tt0115012	1.85:1
tt0115433	1.78:1; 2.20:1; 4:3; 2.39:1
tt0115641	1.33:1; 1.37:1; 1.85:1
tt0115685	1.66:1; 1.85:1
tt0115697	1.85:1
tt0115734	1.85:1
tt0115736	1.85:1
tt0115751	2.35:1
tt0115759	2.39:1
tt0115798	2.39:1
tt0115925	1.85:1
tt0115956	1.85:1
tt0116136	2.39:1
tt0116209	1.85:1
tt0116213	2.39:1
tt0116250	2.39:1
tt0116253	2.35:1
tt0116282	1.85:1
tt0116313	1.85:1
tt0116324	1.85:1
tt0116409	2.39:1
tt0116442	1.85:1
tt0116483	1.85:1
tt0116552	1.85:1
tt0116583	1.66:1; 1.78:1; 1.85:1
tt0116629	2.20:1; 2.39:1
tt0116669	1.85:1
tt0116692	1.85:1
tt0116695	1.85:1
tt0116705	1.33:1; 1.85:1
tt0116754	1.85:1
tt0116905	2.35:1
tt0116908	2.39:1
tt0116922	2.35:1
tt0117008	2.39:1
tt0117038	1.85:1
tt0117039	1.85:1
tt0117057	1.85:1
tt0117060	2.39:1
tt0117093	1.85:1
tt0117110	1.85:1
tt0117218	1.85:1
tt0117293	1.37:1
tt0117318	2.39:1
tt0117333	2.39:1
tt0117359	1.66:1
tt0117381	1.85:1
tt0117398	1.66:1
tt0117438	1.85:1
tt0117500	2.39:1
tt0117509	1.33:1; 2.20:1; 2.55:1; 2.39:1
tt0117571	2.39:1
tt0117589	1.85:1
tt0117603	2.39:1
tt0117631	1.85:1
tt0117665	2.39:1
tt0117705	1.85:1
tt0117731	2.39:1
tt0117765	1.85:1
tt0117802	1.85:1
tt0117891	2.35:1
tt0117913	2.39:1
tt0117918	2.39:1
tt0117958	1.85:1
tt0117979	1.85:1
tt0117998	2.20:1; 2.39:1
tt0118055	1.85:1
tt0118125	
tt0118548	2.39:1
tt0118564	1.85:1
tt0118571	2.39:1
tt0118583	2.39:1
tt0118607	1.85:1
tt0118615	2.39:1
tt0118617	1.14:1; 1.48:1; 1.78:1; 2.20:1; 2.35:1
tt0118655	1.33:1; 1.78:1; 2.39:1; 2:1
tt0118688	1.85:1
tt0118689	1.14:1; 1.33:1; 1.85:1
tt0118694	1.66:1
tt0118715	1.37:1; 1.85:1
tt0118734	1.85:1
tt0118749	1.37:1; 2.20:1; 2.39:1
tt0118760	1.85:1
tt0118768	1.85:1
tt0118771	2.39:1
tt0118789	1.85:1
tt0118798	1.85:1
tt0118799	1.85:1
tt0118880	2.39:1
tt0118883	2.39:1
tt0118884	2.39:1
tt0118887	1.85:1
tt0118928	2.39:1
tt0118971	2.39:1
tt0118998	1.85:1
tt0119094	2.39:1
tt0119116	2.39:1
tt0119137	1.85:1
tt0119164	1.85:1
tt0119173	2.35:1
tt0119174	2.39:1
tt0119190	1.85:1
tt0119217	1.85:1
tt0119225	1.37:1; 1.85:1
tt0119237	1.85:1
tt0119280	1.85:1
tt0119313	1.85:1
tt0119314	1.85:1; 2.35:1
tt0119345	2.39:1
tt0119360	1.85:1
tt0119361	1.85:1
tt0119395	2.35:1
tt0119432	1.85:1
tt0119468	2.39:1
tt0119488	2.39:1
tt0119528	1.85:1
tt0119567	1.37:1; 1.85:1
tt0119590	1.85:1
tt0119643	1.85:1
tt0119654	1.85:1
tt0119738	2.39:1
tt0119807	1.85:1
tt0119809	1.85:1
tt0119822	1.85:1
tt0119844	1.66:1
tt0119942	2.35:1
tt0119978	2.35:1
tt0120053	2.39:1
tt0120082	2.39:1
tt0120169	1.85:1
tt0120177	1.85:1
tt0120179	2:39:1
tt0120188	2.39:1
tt0120201	1.85:1
tt0120202	1.85:1
tt0120255	2.35:1
tt0120265	1.66:1
tt0120274	2.00:1; 2.39:1
tt0120338	1.78:1; 2.39:1
tt0120347	2.20:1; 2.39:1
tt0120363	1.33:1; 1.66:1; 1.78:1; 1.85:1
tt0120382	1.85:1; 1.66:1
tt0120461	1.85:1
tt0120484	1.85:1
tt0120587	1.33:1; 1.66:1; 1.85:1
tt0120591	2.20:1; 2.39:1
tt0120601	1.85:1
tt0120611	2.39:1
tt0120616	2.39:1
tt0120623	1.33:1; 2.39:1
tt0120630	1.33:1; 1.78:1; 1.85:1
tt0120631	2.39:1
tt0120632	2.39:1
tt0120633	1.85:1
tt0120647	2.20:1; 2.39:1
tt0120660	2.39:1
tt0120661	1.44:1
tt0120663	1.37:1; 1.66:1; 1.85:1
tt0120667	2.39:1
tt0120684	2.39:1
tt0120685	2.20:1; 2.39:1
tt0120686	2.39:1
tt0120689	1.85:1
tt0120694	1.78:1; 2.35:1
tt0120699	2.35:1
tt0120728	1.85:1
tt0120737	2.39:1
tt0120738	2.39:1
tt0120744	1.85:1
tt0120746	2.39:1
tt0120755	2.39:1
tt0120762	1.66:1; 1.85:1
tt0120768	2.39:1
tt0120780	1.85:1
tt0120783	1.85:1
tt0120784	2.39:1
tt0120787	1.85:1
tt0120791	2.35:1
tt0120794	1.85:1
tt0120812	2.39:1
tt0120815	1.85:1
tt0120828	2.39:1
tt0120832	1.33:1; 2.39:1
tt0120844	2.39:1
tt0120855	1.85:1; 2.39:1
tt0120863	2.35:1
tt0120873	1.85:1
tt0120885	1.85:1
tt0120888	1.85:1
tt0120889	2.39:1
tt0120891	1.85:1
tt0120903	2.39:1
tt0120910	1.14:1; 1.66:1; 1.78:1; 1.37:1; 1.85:1
tt0120912	1.50:1; 1.85:1
tt0120915	2.39:1
tt0121164	1.85:1
tt0121765	2.39:1
tt0121766	2.39:1
tt0122151	2.39:1
tt0122690	2.39:1
tt0122718	2.39:1
tt0122933	1.33:1; 1.85:1
tt0123964	1.85:1
tt0124315	2.35:1
tt0125439	2.39:1
tt0125664	2.39:1
tt0126029	1.14:1; 1.85:1
tt0126214	1.37:1
tt0127536	1.85:1
tt0128445	2.39:1
tt0128853	1.37:1; 1.85:1
tt0129290	2.39:1
tt0129387	1.85:1
tt0130018	2.39:1
tt0130623	1.14:1; 1.33:1; 1.85:1
tt0130827	1.85:1
tt0131325	1.85:1
tt0131335	1.85:1
tt0133093	2.20:1; 2.39:1
tt0133152	2.39:1
tt0133952	2.39:1
tt0134067	1.33:1; 1.66:1; 1.78:1 / (high definition); 1.85:1
tt0134084	2.39:1
tt0134119	1.85:1
tt0137494	2.39:1
tt0138097	2.39:1
tt0138704	1.85:1; 1.66:1
tt0138749	1.85:1
tt0139239	2.39:1
tt0139362	1.85:1
tt0139462	2.39:1
tt0139500	1.33:1
tt0139615	1.85:1
tt0139654	2.35:1
tt0139699	1.85:1
tt0140352	2.39:1
tt0141098	1.85:1
tt0141369	1.85:1
tt0141926	2.35:1
tt0142342	1.85:1
tt0143145	2.39:1
tt0144084	1.33:1; 1.78:1; 2.35:1
tt0144117	2.35:1
tt0144142	1.85:1
tt0144214	2.39:1
tt0144528	1.85:1; 2.39:1
tt0145487	1.14:1; 1.33:1; 1.85:1
tt0145503	1.85:1
tt0145531	2.35:1
tt0145660	2.39:1
tt0145681	2.39:1
tt0146316	2.39:1
tt0146496	2.35:1
tt0146675	2.20:1; 2.39:1
tt0147612	1.85:1
tt0149171	
tt0149261	2.39:1
tt0150377	2.39:1
tt0151568	1.66:1
tt0151738	2.39:1
tt0154420	1.37:1
tt0155267	2.35:1
tt0156587	1.85:1
tt0158983	1.85:1
tt0159097	1.66:1; 1.85:1
tt0159365	2.35:1
tt0160127	2.39:1
tt0160797	2.39:1
tt0160862	1.85:1
tt0161081	2.39:1
tt0161860	2.35:1
tt0162222	1.85:1
tt0162346	1.85:1
tt0162650	2.39:1
tt0162661	1.85:1
tt0162677	1.85:1
tt0163025	1.14:1; 1.37:1; 1.85:1
tt0163187	2.39:1
tt0163651	1.85:1
tt0164052	1.85:1
tt0164184	2.39:1
tt0164334	2.39:1
tt0164912	1.85:1
tt0165854	1.85:1
tt0165929	2.35:1
tt0166175	1.85:1
tt0166813	2.39:1
tt0166924	1.85:1
tt0167190	1.85:1
tt0167260	2.39:1
tt0167261	2.39:1
tt0167404	1.85:1
tt0169547	2.39:1
tt0170016	1.14:1; 1.37:1; 1.85:1
tt0171363	2.39:1
tt0171804	1.85:1
tt0172156	2.39:1
tt0172396	1.85:1
tt0172495	2.39:1
tt0174856	1.85:1
tt0175142	1.78:1; 1.85:1; 2.39:1
tt0175880	2.39:1
tt0177789	2.39:1; 1.37:1; 1.85:1
tt0177971	2.39:1
tt0179116	1.85:1
tt0180093	1.85:1
tt0181316	1.85:1
tt0181530	1.85:1
tt0181689	2.39:1
tt0181786	
tt0181835	
tt0181852	2.39:1
tt0181865	1.85:1
tt0181868	1.37:1
tt0181875	1.85:1
tt0183505	1.85:1
tt0183523	2.35:1
tt0183790	2.35:1
tt0184894	2.39:1; 2.35:1
tt0184907	1.85:1
tt0185014	2.35:1
tt0185125	2.35:1
tt0185937	1.37:1
tt0186508	1.85:1
tt0186566	2.39:1
tt0187078	2.39:1
tt0187393	2.39:1
tt0187738	1.85:1
tt0189998	2.35:1
tt0190138	1.33:1; 1.85:1
tt0190332	2.39:1
tt0190590	2.39:1
tt0190641	1.85:1
tt0195685	1.85:1
tt0195714	1.78:1; 1.85:1
tt0195945	1.85:1
tt0198781	1.33:1; 1.66:1; 1.85:1
tt0200550	2.39:1
tt0200720	2.35:1
tt0203009	1.33:1; 2.39:1
tt0204946	1.85:1
tt0205000	1.85:1
tt0206275	1.85:1
tt0206634	1.85:1
tt0207201	1.85:1
tt0208003	1.85:1
tt0208261	
tt0209144	2.39:1
tt0209163	2.39:1
tt0209475	2.39:1
tt0209933	1.37:1; 1.66:1
tt0209958	1.78:1; 2.39:1
tt0210075	1.85:1
tt0210945	2.39:1
tt0211181	1.66:1; 1.85:1
tt0211915	2.39:1
tt0212338	1.85:1
tt0212346	1.85:1
tt0212712	2.35:1
tt0212720	1.85:1
tt0212985	1.85:1
tt0213149	2.39:1
tt0213847	2.35:1
tt0215129	1.85:1
tt0215750	2.35:1
tt0217505	2.35:1
tt0217869	2.39:1
tt0218839	1.85:1
tt0219592	2.59:1
tt0219854	1.85:1
tt0221027	2.39:1
tt0227445	2.35:1
tt0227538	1.85:1
tt0230011	2.39:1
tt0230600	1.85:1
tt0231775	1.85:1
tt0232500	2.39:1
tt0234215	1.78:1; IMAX; 2.39:1
tt0236008	
tt0236493	2.35:1
tt0238321	1.85:1
tt0239395	1.14:1; 1.33:1; 1.78:1; 1.85:1
tt0240419	1.85:1
tt0240462	2.39:1
tt0240772	2.39:1
tt0241303	1.85:1
tt0241527	2.39:1
tt0242445	2.39:1
tt0242587	1.85:1
tt0242653	2.39:1
tt0243133	1.85:1
tt0243155	2.39:1
tt0243585	1.66:1; 1.85:1
tt0243862	1.37:1
tt0244244	2.39:1
tt0244316	1.85:1
tt0245429	1.85:1
tt0245574	1.85:1
tt0245844	1.85:1
tt0246460	2.39:1
tt0246578	2.35:1
tt0247425	2.39:1
tt0247638	1.85:1
tt0248845	1.85:1
tt0249462	1.85:1
tt0250081	1.37:1; 1.85:1
tt0250494	2.39:1; 1.33:1
tt0250687	2.39:1
tt0250797	1.85:1
tt0251127	1.85:1
tt0251160	1.85:1
tt0251736	1.85:1
tt0252076	2.39:1
tt0252866	1.85:1
tt0253474	1.85:1
tt0255798	1.85:1
tt0256380	1.85:1
tt0256415	2.39:1
tt0257044	2.35:1
tt0257076	2.39:1
tt0257106	1.85:1
tt0257360	1.85:1
tt0257568	2.39:1
tt0258000	2.39:1
tt0258463	2.39:1
tt0259324	2.35:1
tt0259446	1.14:1; 1.78:1; 1.85:1; 1.33:1
tt0259711	1.85:1
tt0260866	2.35:1
tt0263728	1.85:1
tt0264464	1.85:1
tt0264472	2.35:1
tt0264476	
tt0265029	2.35:1
tt0265086	1.33:1; 1.78:1; 2.39:1
tt0265343	1.85:1
tt0265662	2.39:1
tt0265666	2.39:1
tt0266543	1.33:1; 1.78:1; 1.85:1
tt0266697	1.78:1; 2.39:1
tt0266915	2.39:1
tt0266987	2.39:1
tt0267913	1.85:1
tt0268126	1.85:1
tt0268380	1.14:1; 1.33:1; 576i (SDTV); 1.85:1
tt0268397	1.85:1; 1.37:1
tt0268695	2.35:1
tt0268978	1.85:1
tt0270288	2.35:1
tt0271219	1.85:1
tt0272338	2.39:1
tt0274558	1.85:1
tt0275309	1.37:1
tt0275847	1.33:1; 1.66:1; 1.85:1
tt0277296	2.39:1
tt0277434	2.35:1
tt0278504	2.39:1
tt0279778	2.39:1
tt0280590	1.85:1
tt0280707	2.35:1
tt0281373	1.85:1
tt0283509	2.35:1
tt0285742	2.39:1
tt0285823	1.78:1; 2.39:1
tt0286106	1.85:1
tt0286244	1.37:1; 1.66:1
tt0286499	1.85:1
tt0286716	1.85:1
tt0287467	2.35:1
tt0287717	1.85:1
tt0287978	1.14:1; 1.33:1; 1.78:1; 2.35:1
tt0289765	2.39:1
tt0290002	1.85:1
tt0290095	1.85:1
tt0290823	1.85:1
tt0291003	2.35:1
tt0292963	1.85:1
tt0293429	2.39:1
tt0293508	2.39:1
tt0293564	2.39:1
tt0295178	1.33:1; 1.78:1; 2.35:1
tt0295297	2.39:1
tt0295701	2.39:1
tt0296166	1.85:1
tt0297884	1.85:1
tt0298050	1.78:1
tt0298130	1.85:1
tt0298148	1.14:1; 1.85:1
tt0298203	2.39:1
tt0299117	1.85:1
tt0299458	2.35:1
tt0299658	1.85:1
tt0299977	2.35:1
tt0300471	2.39:1; 2.35:1
tt0301357	1.85:1
tt0302886	2.35:1
tt0303714	1.85:1
tt0304141	2.39:1
tt0304669	1.85:1
tt0305206	1.85:1
tt0305224	2.39:1
tt0305357	1.78:1; 2.35:1
tt0305669	2.35:1
tt0306047	1.85:1
tt0307453	1.33:1; 1.66:1; 1.85:1
tt0307901	2.39:1
tt0308055	2.35:1
tt0308506	1.85:1
tt0308644	2.39:1
tt0310154	1.78:1; 2.35:1
tt0310793	1.85:1
tt0311113	2.39:1
tt0311289	1.85:1
tt0311429	2.39:1
tt0311519	1.78:1; 1.85:1
tt0312004	1.85:1
tt0312528	1.33:1; 1.85:1
tt0313196	1.85:1
tt0313737	1.85:1
tt0314331	2.39:1
tt0315327	1.85:1
tt0316356	2.35:1
tt0316654	2.39:1
tt0317219	1.37:1; 1.78:1; 2.39:1
tt0317248	1.85:1
tt0317303	1.85:1
tt0317648	2.39:1
tt0317705	1.33:1; 1.85:1; 2.39:1
tt0317740	2.35:1
tt0317910	1.85:1
tt0317919	2.35:1
tt0318462	1.85:1
tt0318649	2.35:1
tt0318761	2.35:1
tt0319061	1.37:1; 1.85:1
tt0319262	2.35:1
tt0319343	1.85:1
tt0320193	1.90:1; 1.85:1
tt0322023	
tt0322259	2.39:1
tt0322330	1.85:1
tt0322659	2.39:1
tt0322802	1.85:1
tt0324216	1.85:1
tt0325703	2.39:1
tt0325710	2.39:1
tt0325980	2.39:1
tt0327056	2.39:1
tt0327084	1.85:1
tt0327597	1.85:1
tt0328107	2.39:1
tt0328538	1.85:1
tt0328828	2.39:1
tt0328880	1.66:1; 1.75:1; 2.35:1
tt0329101	1.33:1; 1.85:1; 2.35:1; 2.39:1
tt0329575	2.39:1
tt0330099	1.66:1
tt0330373	2.39:1
tt0331632	1.85:1
tt0332280	2.39:1
tt0332379	1.85:1
tt0332452	2.39:1
tt0333780	1.85:1
tt0335119	2.39:1
tt0335266	1.85:1
tt0335345	2.39:1
tt0335438	2.35:1
tt0337579	1.85:1
tt0337741	1.85:1
tt0337978	2.35:1
tt0338013	1.85:1
tt0338094	2.39:1
tt0338135	2.35:1
tt0338348	1.33:1; 2.00:1; 2.39:1
tt0338459	1.33:1; 1.85:1
tt0338526	1.85:1
tt0338751	2.39:1
tt0339291	1.14:1; 1.85:1
tt0340377	1.85:1
tt0342172	1.85:1
tt0342804	
tt0343135	1.85:1
tt0343660	2.39:1
tt0343818	1.78:1; 2.39:1
tt0344510	2.35:1
tt0345950	1.14:1; 1.33:1; 1.78:1; 1.85:1; 2.39:1; 1.66:1
tt0348150	2.20:1; 2.35:1
tt0348836	1.85:1
tt0349205	1.85:1
tt0349710	1.85:1
tt0349825	2.39:1
tt0349903	2.39:1
tt0350258	1.85:1
tt0351283	1.78:1; 1.85:1
tt0352248	2.20:1; 2.39:1
tt0353969	1.85:1
tt0356618	1.85:1
tt0356634	1.14:1; 1.33:1; 1.85:1
tt0356910	2.39:1
tt0357413	1.85:1
tt0358082	1.14:1; 1.85:1
tt0358273	2.39:1
tt0360130	1.85:1
tt0360486	2.39:1
tt0360717	2.39:1
tt0361596	1.85:1
tt0361748	2.39:1
tt0362120	1.85:1
tt0362227	1.85:1
tt0363579	1.85:1
tt0363771	2.39:1
tt0364569	2.35:1
tt0364725	2.39:1
tt0366548	1.43:1; 2.39:1
tt0367089	1.85:1
tt0367594	1.14:1; 1.78:1; 1.85:1
tt0367790	1.85:1
tt0367882	2.39:1
tt0368008	1.85:1
tt0368447	1.85:1
tt0368578	1.85:1
tt0368794	2.35:1
tt0368891	2.39:1
tt0368913	1.85:1
tt0368933	1.85:1
tt0369339	2.39:1
tt0369436	1.85:1
tt0369441	2.39:1
tt0369610	2.00:1
tt0369735	2.39:1
tt0370263	2.35:1
tt0371606	1.78:1; 1.85:1
tt0371746	1.90:1; 2.39:1
tt0372183	2.39:1
tt0372237	1.85:1
tt0372784	2.39:1
tt0372824	2.35:1
tt0373051	1.78:1; 1.85:1
tt0373883	1.78:1; 2.39:1
tt0373889	2.39:1
tt0373926	2.39:1
tt0374536	1.85:1
tt0374569	1.85:1
tt0374900	1.85:1
tt0375063	1.85:1
tt0375210	2.35:1
tt0375679	2.35:1
tt0376994	2.39:1
tt0377092	1.85:1
tt0377109	1.85:1
tt0377471	2.35:1
tt0377556	1.85:1
tt0377818	2.35:1
tt0377981	1.85:1
tt0378194	2.39:1; 1.33:1
tt0379725	2.35:1
tt0381061	2.39:1
tt0381681	1.85:1
tt0381707	1.85:1
tt0381849	2.35:1
tt0382625	2.39:1
tt0382932	2.39:1; 2.55:1
tt0383028	2.35:1
tt0383216	1.85:1
tt0383574	2.39:1
tt0383694	1.85:1
tt0384642	2.35:1
tt0384806	2.39:1
tt0385056	1.78:1; 1.85:1
tt0385752	2.35:1
tt0385880	1.78:1; 2.35:1; 2.39:1
tt0386117	2.39:1
tt0386588	2.39:1
tt0387131	1.85:1
tt0387898	1.78:1
tt0388419	2.39:1
tt0388795	1.85:1
tt0389326	
tt0389790	1.85:1
tt0389860	1.85:1
tt0390022	2.35:1
tt0390221	1.85:1
tt0390336	1.85:1
tt0390521	1.78:1
tt0390538	1.37:1
tt0391198	1.85:1
tt0393162	2.35:1
tt0393735	2.39:1
tt0395169	2.35:1
tt0395584	1.85:1
tt0395699	2.39:1
tt0396269	2.35:1
tt0396555	1.44:1; 1.78:1; 1.85:1
tt0397313	2.35:1
tt0397535	2.39:1
tt0397892	1.85:1
tt0398027	2.35:1
tt0398165	2.39:1; 2.35:1
tt0398286	1.85:1
tt0398808	1.85:1
tt0399146	1.85:1
tt0399295	2.35:1
tt0400497	1.78:1; 1.85:1
tt0400717	1.14:1; 1.85:1
tt0401383	1.85:1
tt0401729	2.35:1
tt0401792	1.85:1
tt0401855	2.35:1
tt0404032	2.35:1
tt0404802	1.85:1
tt0405094	2.39:1
tt0405159	2.39:1
tt0405325	2.39:1
tt0405422	1.85:1
tt0407304	2.39:1; 1.85:1
tt0407887	2.39:1
tt0408236	1.78:1; 1.85:1
tt0408306	2.35:1
tt0408790	2.39:1
tt0409182	2.39:1
tt0409459	2.39:1
tt0409847	2.39:1
tt0410097	1.85:1
tt0411270	1.85:1
tt0411477	1.85:1
tt0412019	1.85:1
tt0413099	2.39:1
tt0413267	1.78:1; 1.85:1
tt0413300	2.39:1
tt0414387	2.39:1
tt0414853	1.85:1
tt0415306	1.78:1; 1.85:1; 2.39:1
tt0415978	1.85:1
tt0416044	2.35:1
tt0416236	2:39:1
tt0416320	1.85:1
tt0416449	
tt0417741	1.33:1; 2.39:1
tt0418038	1.33:1
tt0418279	2.39:1
tt0418763	2.35:1
tt0418773	1.37:1; 1.85:1
tt0419294	2.35:1
tt0419887	2.39:1
tt0421239	2.39:1
tt0421715	2.39:1
tt0421729	1.85:1
tt0422774	1.85:1
tt0423294	1.85:1
tt0423866	1.85:1
tt0424095	1.14:1; 1.85:1
tt0424136	2.35:1
tt0424205	2.35:1
tt0425061	1.85:1
tt0427152	1.85:1
tt0427229	2.35:1
tt0427312	1.78:1
tt0427327	2.39:1
tt0427470	2.35:1
tt0427969	1.85:1
tt0428803	1.85:1
tt0429493	2.35:1
tt0430105	2.39:1
tt0430304	1.85:1
tt0430357	2.39:1
tt0430916	
tt0430922	1.85:1
tt0432021	2.39:1
tt0432283	1.85:1; 3:2
tt0432348	1.85:1
tt0433035	2.35:1
tt0433383	1.85:1
tt0434409	2.35:1
tt0435761	1.78:1; 1.85:1
tt0436262	1.78:1
tt0436339	1.85:1; 2.39:1
tt0436613	1.85:1
tt0436697	1.85:1
tt0437086	1.78:1; 1.90:1; 2.39:1
tt0437863	1.85:1
tt0438097	1.85:1
tt0438488	2.35:1
tt0439572	1.90:1
tt0440963	2.39:1
tt0441773	1.33:1; 1.43:1; 1.78:1; 2.39:1
tt0441909	2.35:1
tt0442933	2.39:1
tt0443272	2.39:1
tt0443274	2.35:1; 2.39:1
tt0443453	1.85:1
tt0443489	2.35:1
tt0443649	2.35:1
tt0443706	2.39:1
tt0444182	2.35:1
tt0445620	2.35:1
tt0445934	1.85:1
tt0448011	2.35:1
tt0448115	2.39:1
tt0448157	2.39:1
tt0448694	2.35:1; 2.39:1
tt0449059	2.35:1
tt0449088	2.39:1
tt0449089	2.39:1; 4:3
tt0449467	1.85:1
tt0450385	2.39:1
tt0451079	1.33:1; 1.78:1; 1.85:1
tt0451279	2.20:1; 2.39:1
tt0452594	1.85:1
tt0452681	1.85:1
tt0453467	2.39:1
tt0453548	2.35:1
tt0453556	2.35:1
tt0453562	2.35:1
tt0454792	2.35:1
tt0454848	1.78:1; 2.35:1
tt0454876	1.33:1; 1.85:1; 2.00:1; 2.39:1
tt0454921	2.35:1
tt0455590	2.35:1
tt0455612	1.85:1
tt0455944	2.39:1
tt0457430	1.85:1
tt0457510	1.85:1
tt0458339	1.85:1; 2.39:1
tt0458352	2.39:1
tt0458525	2.39:1
tt0460829	1.85:1
tt0461770	1.66:1; 1.85:1; 2.39:1
tt0462538	1.33:1; 1.78:1; 2.39:1
tt0462590	2.39:1
tt0463034	1.85:1
tt0463985	2.39:1
tt0465188	2.35:1
tt0465234	2.39:1
tt0465538	2.39:1
tt0467406	1.85:1
tt0468489	1.85:1
tt0468565	2.35:1
tt0468569	1.43:1; 1.78:1; 1.90:1; 2.39:1
tt0469494	2.39:1
tt0469641	1.85:1
tt0471042	2.39:1
tt0472043	1.85:1
tt0472181	1.78:1; 1.85:1
tt0473075	2.39:1
tt0473488	1.85:1
tt0475241	
tt0475276	2.20:1; 2.39:1
tt0477051	1.85:1
tt0477080	2.39:1
tt0477347	1.14:1; 1.33:1; 1.85:1
tt0477348	2.39:1
tt0478087	2.35:1
tt0478304	1.85:1
tt0478311	1.85:1
tt0478970	1.85:1; 2.39:1
tt0479952	1.44:1; 1.78:1; 1.85:1
tt0480249	2.35:1
tt0481499	2.35:1
tt0486358	1.37:1
tt0486576	1.33:1; 2.39:1
tt0486583	2.35:1
tt0486822	1.85:1
tt0486946	2.35:1
tt0489099	2.35:1
tt0489270	1.85:1
tt0492466	1.85:1
tt0492956	2.39:1
tt0493430	1.85:1
tt0493459	1.85:1
tt0493464	1.78:1; 2.39:1
tt0496806	2.39:1
tt0497116	1.78:1
tt0498380	2.39:1
tt0498399	1.85:1
tt0499448	2.39:1
tt0499549	1.78:1; 16:9; 2.39:1
tt0758732	2.35:1
tt0758758	2.39:1
tt0758766	1.85:1
tt0762107	1.85:1
tt0765429	1.85:1
tt0765443	1.85:1
tt0770752	2.39:1
tt0770828	2.35:1
tt0772168	1.85:1
tt0775539	1.78:1; 2.35:1
tt0780504	1.78:1 / (high definition); 2.35:1
tt0780521	1.85:1
tt0783233	1.85:1
tt0785006	1.85:1
tt0790712	2.35:1
tt0795421	2.39:1
tt0796366	1.43:1; 2.39:1
tt0800039	1.37:1; 1.78:1; 1.85:1
tt0800080	2.39:1
tt0800320	2.39:1
tt0800369	2.39:1
tt0808151	2.39:1
tt0808399	1.85:1
tt0808417	1.85:1
tt0810913	1.85:1
tt0813547	1.85:1
tt0814255	2.39:1
tt0816692	1.43:1; 1.78:1; 1.90:1; 2.20:1; 2.39:1
tt0816711	2.39:1
tt0817230	1.85:1
tt0822832	1.78:1; 2.39:1
tt0824747	2.39:1
tt0825232	1.85:1
tt0829482	1.85:1
tt0830515	2.39:1
tt0831387	2.39:1
tt0836700	1.85:1
tt0837562	1.85:1
tt0838221	2.40:1
tt0838283	2.39:1
tt0840361	2.39:1
tt0842926	1.85:1
tt0842929	1.37:1; 1.78:1
tt0844471	1.33:1; 1.78:1; 2.35:1
tt0848228	1.78:1; 1.85:1
tt0848537	2.35:1
tt0859163	2.39:1
tt0864835	1.85:1
tt0870111	2.35:1
tt0871426	1.85:1
tt0878804	1.85:1
tt0879870	1.85:1
tt0884732	2.35:1
tt0887883	1.85:1
tt0887912	1.85:1
tt0890870	1.85:1
tt0892255	2.39:1
tt0892769	2.39:1
tt0892782	1.78:1; 2.39:1
tt0892791	1.78:1; 2:39:1
tt0896866	2.35:1
tt0898367	2.35:1
tt0903624	2.00:1; 2.39:1; 2.40:1
tt0906108	1.85:1
tt0910936	2.35:1
tt0910970	2.39:1
tt0912590	2.69:1
tt0912599	1.78:1
tt0913425	2.35:1
tt0918940	2.35:1
tt0923752	1.85:1
tt0924151	1.78:1
tt0926084	1.78:1; 2.39:1
tt0929425	2.35:1
tt0929632	1.85:1
tt0936501	2.35:1
tt0937237	1.78:1; 1.85:1
tt0937375	2.35:1
tt0938283	2.39:1
tt0942385	2.39:1
tt0944835	2.39:1
tt0947798	2.35:1
tt0948470	1.43:1; 1.78:1; 2.39:1
tt0949731	1.85:1
tt0952640	1.33:1; 1.85:1
tt0955308	2.39:1
tt0959337	2.35:1
tt0960144	1.85:1
tt0961066	1.85:1
tt0962726	1.85:1
tt0963966	2.39:1
tt0964517	2.35:1
tt0970179	1.85:1
tt0970416	2.35:1
tt0970866	1.85:1
tt0974015	1.85:1
tt0976051	1.85:1
tt0978759	1.85:1
tt0980970	1.78:1; 2.39:1
tt0983193	1.78:1; 2.39:1
tt0983946	2.39:1
tt0986233	2.35:1
tt0988045	1.85:1
tt0988595	2.39:1
tt0989757	2.35:1
tt0990407	2.35:1
tt0993846	1.33:1; 1.85:1; 2.39:1
tt1000774	1.85:1
tt1001508	2.35:1
tt1001526	2.39:1
tt10016180	1.85:1; 2.39:1
tt10059518	2.39:1
tt10098448	2.39:1
tt1010048	2.35:1; 2.39:1
tt1013743	2.39:1
tt1013752	2.39:1
tt1013753	1.85:1
tt1014759	1.85:1
tt1014775	2.35:1
tt10151854	2.39:1
tt10160976	2.39:1
tt1016150	2.39:1
tt1016268	1.85:1
tt1019452	1.33:1; 1.85:1
tt1020072	2.35:1
tt1024648	2.39:1
tt10272386	2.39:1
tt10288566	2.00:1
tt10293406	2.39:1
tt10298810	1.43:1; 1.90:1; 2.39:1
tt10298840	2.39:1
tt10327252	1.85:1
tt1032846	2.35:1
tt1033575	2.35:1
tt1033643	2.35:1
tt10342730	2.35:1
tt10366206	2.39:1
tt10370710	1.85:1
tt1037705	2.39:1
tt1038919	2.39:1
tt1041829	2.39:1
tt1045658	2.35:1
tt1045670	2.35:1
tt1045772	1.85:1
tt1046173	2.39:1
tt1049402	1.85:1
tt1049413	1.37:1; 1.85:1
tt1051904	2.39:1
tt1051906	2.39:1
tt10545296	1.90:1; 2.39:1
tt10548174	2.76:1
tt1055369	1.43:1; 1.90:1; 2.39:1
tt1059786	2.39:1
tt1060277	1.85:1
tt10633456	2.39:1
tt10638522	2.39:1
tt1065073	1.85:1
tt10655524	2.39:1
tt10665342	2.39:1
tt1067106	1.78:1; 2.39:1
tt10676048	1.90:1; 2.39:1
tt10676052	1.43:1; 1.66:1; 1.78:1; 1.90:1; 2.39:1
tt1068646	2.35:1
tt1068649	1.85:1
tt1068680	2.39:1
tt10731256	2.39:1
tt1074638	1.90:1; 2.39:1
tt10767168	2.35:1
tt1077368	1.85:1
tt1078912	2.39:1
tt1078940	1.85:1
tt1080016	1.85:1
tt1082886	2.35:1
tt10838180	2.39:1
tt10872600	1.90:1; 2.20:1; 2.39:1
tt1091191	2.35:1
tt1091722	1.85:1
tt10919380	2.39:1
tt10954600	1.90:1; 2.39:1
tt10954718	1.85:1
tt10954984	1.33:1; 1.43:1; 1.78:1; 1.90:1; 2.20:1
tt1099212	2.39:1
tt1100089	1.85:1
tt1103982	2.39:1
tt1104001	1.78:1; 1.90:1; 2.39:1
tt11057302	2.39:1
tt11083552	2.39:1
tt11084896	2.39:1
tt1109624	1.78:1; 2.35:1
tt11125620	1.85:1
tt11138512	2.00:1
tt11145118	1.90:1; 2.39:1
tt1114677	1.85:1
tt1114740	1.85:1
tt11152168	1.85:1
tt1116184	1.78:1
tt1119646	2.39:1
tt1124035	2.39:1
tt11245972	2.39:1
tt11252248	1.78:1; 2.39:1
tt11271038	1.33:1; 2.20:1; 2.39:1
tt1127715	2.35:1
tt1127884	1.85:1
tt11291274	2.39:1
tt11304740	2.55:1
tt1130884	2.39:1
tt11315808	1.33:1; 1.43:1; 1.90:1; 2.20:1
tt1133985	2.35:1
tt1135503	1.85:1
tt1136608	1.85:1
tt11389872	2.39:1
tt1139328	2.35:1
tt1139797	2.35:1
tt11416746	1.33:1; 1.85:1
tt1142800	1.85:1
tt1142977	1.33:1; 1.85:1; 2.00:1; 2.39:1
tt1142988	2.35:1
tt1149362	1.85:1
tt1152836	2.35:1
tt1152850	1.85:1
tt1153690	2.35:1
tt1155056	1.85:1
tt1155076	2.39:1
tt1155592	1.37:1; 1.85:1
tt1156398	2.39:1
tt1160419	1.43:1; 1.90:1; 2.39:1
tt11617052	1.85:1
tt11697690	1.85:1
tt1170358	2.00:1; 2.35:1
tt11703710	2.39:1
tt1174732	2.35:1
tt11762114	1.85:1
tt1179056	2.39:1
tt1179904	1.85:1
tt1179933	2.39:1
tt11813216	2.39:1
tt11832046	1.78:1; 2.39:1
tt1185616	1.85:1
tt1190080	2.39:1
tt11917942	1.78:1; 1.85:1
tt1192628	1.78:1 (HDTV); 2.39:1
tt1193138	1.85:1
tt1194173	2.39:1
tt1196141	1.85:1
tt1197624	2.35:1
tt1198138	2.35:1
tt12003946	2.39:1
tt1201607	1.78:1; 2.39:1
tt12037194	2.39:1
tt1204340	2.35:1
tt1204342	1.85:1
tt1205489	2.39:1
tt1210166	1.85:1
tt1210819	2.39:1
tt1211837	1.90:1; 2.39:1
tt1213585	1.78:1
tt1216475	1.33:1; 1.78:1; 2.35:1
tt1217209	2.39:1
tt1217613	2.35:1
tt1219289	2.35:1
tt1222817	2.35:1
tt1226236	1.85:1
tt1228705	2.39:1
tt1229238	1.43:1; 1.90:1; 2.39:1
tt1229340	2.39:1
tt12299608	1.85:1
tt12300742	1.50:1
tt1230414	1.85:1
tt1231580	1.85:1
tt1231583	2.35:1
tt1232207	1.85:1
tt1232776	1.37:1
tt1232829	2.35:1
tt1235166	1.85:1
tt1238291	1.85:1
tt12412888	2.39:1
tt1242460	2.35:1
tt1245492	1.78:1; 2.35:1
tt1245526	2.35:1
tt1253863	2.35:1
tt1253864	1.85:1
tt12584954	1.78:1; 2.39:1
tt12593682	2.39:1
tt1259571	2.39:1
tt12618926	1.85:1
tt1261945	1.85:1
tt1262426	2.39:1
tt1267297	2.35:1
tt1270797	2.39:1
tt1270798	2.39:1
tt1272878	2.39:1
tt1276104	2.39:1
tt1276419	2.35:1
tt1277953	1.78:1; 1.85:1
tt12789558	1.85:1
tt1279935	2.35:1
tt1284575	1.85:1
tt1285016	2.39:1
tt12873562	1.85:1
tt1289401	1.43:1; 1.85:1; 1.90:1; 2.39:1
tt1291150	2.35:1
tt12921446	1.85:1; 1.90:1
tt1298650	2.39:1
tt1300854	2.39:1
tt1302006	1.37:1; 1.66:1; 1.85:1
tt1302011	2.39:1
tt1313104	1.78:1; 1.85:1
tt1318514	2.35:1
tt13186482	1.85:1
tt1320253	2.39:1
tt13204490	1.85:1
tt1321865	2.35:1
tt1323594	1.85:1
tt13238346	1.85:1
tt1324999	2.39:1
tt1325004	2.39:1
tt1327194	2.35:1
tt1327773	1.85:1
tt1331025	1.78:1
tt13345606	2.39:1
tt1340138	2.35:1
tt13405778	2.39:1
tt1340800	2.35:1
tt1343092	2.39:1
tt13433802	2.39:1
tt1345836	1.43:1; 1.78:1; 1.90:1; 2.39:1
tt1355683	2.35:1
tt13622970	2.00:1
tt1375666	2.39:1
tt1375670	1.85:1
tt1386588	2.35:1
tt1386697	2.39:1
tt13880104	1.37:1
tt1392170	2.39:1
tt1392190	2.39:1
tt1392214	1.78:1
tt1396218	1.85:1
tt1396484	2.39:1
tt1397280	2.35:1
tt1397514	1.85:1
tt1398426	2.39:1
tt1399103	2.39:1
tt1399683	1.85:1
tt14034966	1.85:1
tt1403865	2.39:1
tt14039582	1.85:1
tt1408101	1.66:1; 1.78:1; 1.90:1; 2.39:1
tt1408253	2.35:1
tt1409024	1.85:1
tt14109724	2.39:1
tt1411238	2.35:1
tt1411697	2.39:1
tt1411704	1.85:1; 2.35:1
tt14208870	1.85:1
tt14209916	2.39:1
tt14230458	1.66:1
tt1430132	2.39:1
tt1430607	1.85:1
tt1431045	2.39:1
tt14362112	2.39:1
tt1436562	1.78:1; 2.35:1; 2.39:1
tt1440129	2.39:1
tt1441326	2.35:1
tt14444726	2.39:1
tt1445520	2.35:1
tt1446192	1.78:1
tt1446714	1.66:1; 1.90:1; 2.39:1
tt1453405	1.85:1
tt14539740	1.90:1; 2.39:1
tt1454029	1.85:1
tt1454468	2.39:1
tt1457767	2.39:1
tt1462764	2.39:1
tt14668630	2.39:1
tt1469304	2.39:1
tt1477715	1.78:1; 1.85:1
tt1477834	1.78:1; 1.90:1; 2.39:1
tt1478338	2.39:1
tt1482459	1.85:1
tt1483013	1.90:1; 2.39:1
tt14849194	1.66:1
tt1485796	2.39:1
tt1488589	1.85:1
tt1489889	2.39:1
tt1490017	1.33:1; 1.37:1; 1.85:1; 2.20:1; 2.35:1; 2.39:1
tt14905854	1.78:1
tt14948432	2.39:1
tt1496025	1.85:1; 2.35:1
tt1499658	2.39:1
tt1502397	2.39:1
tt1502407	2.39:1
tt1504320	1.85:1
tt1515091	2.39:1
tt1517268	1.90:1; 2.00:1
tt1517451	2.39:1
tt15239678	1.43:1; 1.90:1; 2.20:1; 2.39:1
tt1524137	2.35:1
tt1524930	2.35:1
tt1527186	2.35:1
tt1528854	1.85:1
tt15314262	2.39:1
tt1535108	2.39:1
tt1535109	2.39:1
tt1535438	2.35:1
tt1536044	1.85:1
tt15376894	1.85:1
tt15398776	1.43:1; 1.78:1; 1.90:1; 2.20:1; 2.39:1; 2.76:1
tt1542344	1.85:1
tt15474916	2.00:1
tt1556190	1.85:1
tt1558250	
tt1559549	1.78:1
tt1560220	2.39:1
tt1560747	1.85:1
tt1564349	1.85:1
tt1564367	1.85:1
tt15671028	1.85:1
tt1568346	2.39:1
tt1568911	2.39:1
tt1570728	2.39:1
tt15789038	1.85:1; 1.90:1
tt1583421	2.39:1
tt15837338	2.39:1
tt1587310	2.35:1
tt1588337	2.35:1
tt1591479	2.35:1
tt1596343	2.39:1
tt1596363	2.35:1
tt1598778	1.85:1
tt1599348	2.39:1
tt1602620	1.85:1
tt1605630	1.85:1
tt1605783	1.85:1
tt1606389	2.39:1
tt1614420	
tt1615918	1.85:1
tt1620680	1.90:1; 2.39:1
tt1620981	1.85:1
tt1623205	1.33:1; 2.39:1
tt1623288	2.39:1
tt1628841	2.39:1
tt1630029	1.85:1; 2.39:1
tt16311594	1.90:1; 2.39:1
tt1631867	2.39:1
tt1634106	2.39:1
tt16366836	1.90:1; 2.39:1
tt1637725	1.85:1
tt1641410	2.35:1
tt16419074	1.85:1
tt16426418	1.85:1
tt1646971	2.39:1
tt1646987	1.85:1
tt1650062	2.39:1
tt1655420	2.35:1
tt1655442	1.37:1
tt1661199	2.39:1
tt1663202	2.39:1
tt1663662	1.78:1; 1.85:1
tt1667353	1.85:1
tt1667889	2.35:1
tt1670345	2.39:1
tt1673434	2.39:1
tt1674782	1.85:1
tt1677720	2.20:1; 2.39:1
tt1679335	2.39:1
tt1684562	2.39:1
tt1690953	1.85:1; 1.91:1; 2.35:1
tt1691917	1.85:1
tt1695843	2.39:1
tt1698641	2.39:1
tt1700841	1.85:1
tt17009710	1.85:1
tt1702439	2.39:1
tt1702443	1.85:1
tt17024450	2.39:1
tt1706593	1.85:1
tt1707386	1.85:1
tt1723121	2.39:1
tt1727824	1.33:1; 2.39:1
tt17279496	1.85:1
tt1735898	2.39:1
tt1745960	1.90:1; 2.39:1
tt1748122	1.85:1
tt17526714	2.39:1
tt1753383	2.35:1
tt1758692	1.78:1
tt1764651	2.39:1
tt17663992	2.39:1
tt1772341	2.35:1
tt1778304	1.85:1
tt1781769	2.35:1
tt1790809	1.90:1; 2.39:1; 270° Screening; 5.95:1
tt1790864	2.39:1; 5.95:1
tt1790885	1.33:1; 1.85:1
tt1790886	1.85:1
tt1798709	1.85:1
tt1800241	2.39:1
tt1820488	1.85:1
tt1821549	2.35:1
tt1821658	1.85:1
tt1825683	1.90:1; 2.39:1
tt18259086	2.39:1
tt1827512	1.85:1
tt1832382	1.85:1
tt1838556	2.39:1
tt1840309	1.66:1; 1.78:1; 2.35:1; 2.39:1
tt18412256	1.90:1; 2.39:1
tt1843866	2.39:1
tt1853728	2.39:1
tt1856101	1.55:1; 1.90:1; 2.39:1
tt1860353	2.39:1
tt1872181	2.39:1
tt1877830	2.39:1
tt1877832	2.39:1
tt1895587	1.85:1
tt1905041	2.39:1
tt1907668	2.39:1
tt1911658	1.85:1; 2.35:1
tt1915581	2.39:1
tt1924435	1.85:1
tt1929263	2.39:1
tt1935859	1.37:1; 1.85:1
tt1950186	2.39:1
tt1951261	1.78:1; 2.39:1
tt1951264	1.43:1; 1.78:1; 1.90:1; 2.39:1
tt1951265	2.35:1; 2.39:1
tt1951266	2.35:1; 2.39:1
tt1959490	1.85:1
tt1959563	2.39:1
tt1964418	1.90:1; 2.20:1
tt19652910	1.43:1
tt1979320	2.39:1
tt1979376	2.39:1
tt1979388	2.39:1
tt1981115	2.39:1
tt1981677	1.85:1
tt19847976	2.39:1
tt1985949	2.35:1
tt1985966	2.39:1
tt1987680	1.85:1
tt2004420	2.39:1
tt2015381	1.90:1; 2.39:1
tt2017020	1.85:1
tt20205236	1.85:1
tt20215234	2.39:1
tt2023587	1.85:1
tt2024432	2.35:1
tt2024469	2.35:1
tt2024544	2.35:1
tt2042568	1.85:1
tt2049403	1.85:1
tt2053425	2.35:1
tt2066051	2.39:1
tt2084970	2.39:1
tt2091256	1.85:1
tt2096672	1.85:1
tt2096673	1.78:1; 1.85:1
tt20969586	1.90:1; 2.39:1
tt2103254	1.85:1
tt2103281	1.85:1
tt2106476	2.35:1
tt2109248	1.90:1; 2.00:1; 2.39:1
tt21192142	2.39:1
tt2119532	2.35:1
tt2119543	2.39:1
tt2120120	2.35:1
tt21235248	2.39:1
tt2125435	1.85:1
tt2125608	1.85:1
tt2126355	2.39:1
tt21374850	1.78:1
tt2140479	2.39:1
tt21692408	1.85:1; 2.39:1
tt2177771	2.39:1
tt2179136	2.39:1
tt2180411	2.39:1
tt21807222	1.85:1
tt2184331	1.85:1
tt2191701	1.85:1
tt22022452	2.39:1
tt2203939	2.35:1
tt22050754	2.39:1
tt2215285	1.85:1
tt2224026	1.85:1
tt2226417	2.35:1
tt2231461	2.39:1
tt2239832	2.35:1
tt2245084	1.78:1; 2.39:1
tt2250912	1.33:1; 2.39:1
tt2267968	2.39:1
tt2267998	2.39:1
tt2268016	2.35:1
tt2277860	1.78:1; 1.85:1
tt2278388	1.37:1; 1.85:1; 2.39:1
tt2278871	1.85:1; 2.35:1; 2.39:1
tt2283336	2.00:1
tt2283362	2.39:1
tt22898462	1.78:1; 1.90:1; 2.39:1
tt2293640	1.85:1
tt2294449	2.35:1
tt2294629	1.78:1; 2.24:1; 2.39:1
tt2302755	2.39:1
tt2310332	2.00:1; 2.35:1
tt2316204	1.90:1; 2.39:1
tt2321405	1.85:1
tt2322441	2.39:1
tt2334649	1.85:1
tt2334879	2.39:1
tt2345759	16:9 HD; 2.39:1
tt23468450	1.33:1; 2.39:1
tt2347285	2.39:1
tt2347569	1.85:1
tt2355540	1.85:1
tt2357291	2.39:1
tt2361509	1.85:1
tt2366450	1.85:1
tt2375605	1.85:1
tt2379713	2.39:1
tt2380307	2.35:1
tt2381249	2.39:1
tt2382298	1.78:1
tt2382320	1.43:1; 1.90:1; 2.39:1
tt2386490	2.39:1
tt2395427	2.39:1
tt2396566	1.78:1
tt2397461	2.00:1
tt2400275	1.85:1
tt2401878	2.35:1
tt2402927	1.85:1
tt2404435	2.39:1
tt2404463	2.35:1
tt24082438	
tt2431286	1.85:1
tt2446042	2.35:1
tt2452042	1.85:1
tt2452150	2.39:1
tt2473794	2.35:1
tt2488496	1.43:1; 1.90:1; 2.39:1
tt2510894	1.85:1
tt2527336	2.39:1
tt2527338	2.39:1
tt2531344	2.39:1
tt2543164	2.39:1
tt2543472	1.78:1; 2.39:1
tt2561572	1.85:1
tt2562232	1.85:1
tt2567026	1.85:1
tt2582782	2.35:1
tt2582802	2.39:1
tt2582846	1.85:1
tt2584384	1.85:1
tt26047818	2.39:1
tt2614684	2.39:1
tt2637276	2.39:1
tt26443597	2.39:1
tt26581740	1.90:1; 2.39:1
tt2660888	2.39:1; 5.95:1 Barco Escape
tt26743210	1.90:1; 2.39:1
tt26753003	1.85:1
tt2692250	1.85:1
tt2702724	1.85:1
tt2704998	2.39:1
tt2709692	1.78:1; 2.35:1
tt2709768	1.85:1; 2.35:1
tt2713180	2.39:1
tt2718492	1.37:1
tt27503384	1.33:1
tt27534307	2.39:1
tt2771200	1.90:1; 2.39:1
tt27714581	1.85:1
tt2788732	2.35:1
tt27911000	2.39:1
tt2802144	2.39:1
tt2802154	2.35:1
tt2815902	1.66:1
tt2820852	2.39:1
tt2848292	1.85:1
tt28490044	1.66:1
tt2850386	1.85:1; 2.20:1; 2.35:1
tt28607951	2.39:1
tt2869728	2.35:1
tt2870648	1.85:1
tt2872518	2.35:1
tt2872732	2.35:1
tt2872750	1.85:1
tt2906216	2.39:1
tt2908446	1.66:1; 1.78:1; 2.35:1; 2.39:1
tt29268110	2.00:1
tt29313285	
tt2948356	1.78:1; 1.85:1; 2.39:1
tt2948372	2.39:1
tt2953050	1.85:1
tt29623480	2.35:1; 2.39:1
tt29644189	2.39:1
tt2975578	2.39:1
tt2975590	1.43:1; 1.90:1; 2.20:1; 2.39:1
tt2980516	2.40:1
tt30017619	2.35:1
tt3014284	2.35:1; 2.39:1
tt30144839	1.43:1; 1.50:1; 1.78:1; 1.85:1; 1.90:1; 2.20:1
tt30274401	2.00:1
tt3040964	1.85:1
tt3063516	1.85:1
tt3065204	2.39:1
tt3076658	2.39:1
tt3079380	2.35:1
tt31036941	2.39:1
tt3104988	2.39:1
tt3110958	2.39:1
tt31193180	1.43:1; 1.78:1; 1.90:1; 2.76:1
tt3152624	2.35:1
tt3169706	2.35:1
tt3170832	2.35:1; 2.39:1
tt3170902	2.35:1
tt3172532	2.35:1
tt3183660	1.90:1; 2.39:1
tt31888477	2.35:1
tt31956415	2.39:1
tt32086077	1.66:1
tt32221196	2.39:1
tt3224458	1.33:1; 1.85:1
tt3228774	1.85:1
tt32536315	2.39:1
tt3262342	1.33:1
tt3263904	1.90:1; 2.39:1
tt3281548	1.85:1
tt3315342	2.39:1
tt3322940	2.39:1
tt3371366	1.85:1; 1.90:1; 2.00:1; 2.28:1; 2.39:1
tt3385516	2.39:1
tt3387520	2.35:1
tt3397884	2.39:1
tt3402138	2.39:1
tt3402236	2.39:1
tt3409392	2.35:1
tt3410834	1.66:1; 1.78:1; 2.35:1; 2.39:1
tt3416828	1.78:1; 2.35:1
tt3450650	1.85:1
tt3450958	2.39:1
tt3469046	1.78:1; 1.85:1; 2.39:1
tt3470600	1.85:1
tt3480822	1.90:1; 2.39:1
tt3498820	1.85:1; 1.90:1; 2.39:1
tt3501632	1.90:1; 2.39:1
tt3508840	1.37:1; 1.40:1; 1.41:1; 1.85:1
tt3513498	2.35:1; 2.39:1
tt3521134	
tt3521164	1.78:1; 1.85:1; 2.39:1
tt3554046	1.33:1; 1.85:1; 2.39:1
tt3564472	2.39:1
tt3566834	1.85:1
tt3567288	1.85:1
tt3581652	2.39:1
tt3606752	2.39:1
tt3606756	2.39:1
tt3612126	2.39:1
tt3631112	1.85:1
tt3659388	2.39:1
tt3682448	2.39:1
tt3704428	2.39:1
tt3716530	2.39:1
tt3717490	2.35:1
tt3731562	2.39:1
tt3741700	2.39:1
tt3741834	2.39:1
tt3748528	2.39:1
tt3766354	2.39:1
tt3778644	2.39:1
tt3783958	2.55:1; 2.66:1
tt3794354	1.78:1; 2.39:1
tt3808342	1.37:1
tt3832914	2.35:1
tt3861390	1.85:1
tt3874544	2.39:1
tt3890160	2.39:1
tt3896198	1.90:1; 2.39:1
tt3901826	2.35:1
tt3915174	2.39:1
tt3949660	2.39:1
tt4034228	1.85:1
tt4044364	1.85:1
tt4046784	2.39:1; 5.95:1
tt4048272	1.85:1
tt4094724	2.39:1
tt4116284	1.37:1; 1.85:1; 1.90:1; 2.35:1; 2.39:1
tt4123430	1.90:1; 2.39:1
tt4123432	2.39:1
tt4126304	2.35:1
tt4154664	1.90:1; 2.39:1
tt4154756	1.90:1; 2.39:1
tt4154796	1.90:1; 2.20:1; 2.39:1
tt4160708	2.39:1
tt4196776	2.39:1
tt4302938	2.39:1
tt4425200	2.39:1
tt4465564	2.39:1
tt4477536	2.39:1
tt4513678	2.39:1
tt4520988	2.39:1
tt4532038	1.85:1
tt4550098	2.35:1
tt4555426	1.85:1
tt4558376	2.35:1
tt4575576	2.39:1
tt4589218	1.33:1; 1.78:1; 2.00:1
tt4624424	2.35:1; 2.39:1
tt4630562	2.39:1
tt4633694	1.33:1; 2.39:1
tt4649466	1.90:1; 2.39:1; 270° Screening
tt4651520	2.39:1
tt4682266	1.85:1; 1.90:1
tt4701182	1.85:1
tt4761112	1.33:1; 1.78:1; 2.39:1
tt4765284	1.85:1
tt4772188	2.00:1
tt4777008	1.90:1; 2.39:1
tt4779682	2.39:1
tt4786282	2.39:1
tt4846340	2.39:1
tt4877122	2.20:1; 2.39:1
tt4881806	2.39:1
tt4900148	2.39:1
tt4912910	1.90:1; 2.39:1
tt4916630	1.85:1
tt4919268	2.39:1
tt4925292	1.85:1
tt4936450	2.35:1
tt4971344	2.39:1
tt4972582	2.39:1
tt4975722	2.39:1
tt4995790	1.85:1
tt4998632	1.78:1; 2.39:1
tt5013056	1.43:1; 1.78:1; 1.90:1; 2.20:1; 2.39:1
tt5027774	2.35:1
tt5028340	2.39:1
tt5034838	2.39:1
tt5040012	1.66:1
tt5052448	2.39:1
tt5083738	1.85:1
tt5090568	2.39:1
tt5095030	1.90:1; 2.39:1
tt5104604	2.39:1
tt5108870	2.39:1
tt5109280	2.39:1
tt5113040	1.85:1
tt5113044	2.39:1
tt5117670	2.39:1
tt5140878	2.39:1
tt5164214	2.39:1
tt5168192	1.85:1
tt5220122	1.85:1
tt5287168	2.35:1
tt5308322	1.78:1 / (high definition); 2.39:1
tt5311542	1.85:1
tt5325452	1.85:1
tt5363618	2.39:1
tt5433138	2.39:1
tt5433140	2.39:1
tt5463162	2.39:1
tt5503686	2.39:1
tt5537002	1.33:1; 2.39:1
tt5580390	1.85:1
tt5635086	1.85:1
tt5649144	2.39:1
tt5657846	1.85:1
tt5697572	2.39:1
tt5726086	2.39:1
tt5726616	1.85:1
tt5727208	2.39:1
tt5758778	2.39:1
tt5774060	2.39:1
tt5776858	1.85:1
tt5779228	1.85:1
tt5804038	1.85:1
tt5814060	2.39:1
tt5814534	2.35:1; 2.39:1
tt5822536	2.39:1
tt5848272	1.33:1; 2.39:1
tt5884052	2.39:1
tt5886046	2.39:1
tt5950044	1.85:1; 1.90:1
tt5971474	1.90:1; 2.39:1
tt6105098	1.43:1; 1.78:1; 1.85:1; 1.90:1
tt6133466	2.39:1
tt6139732	2.39:1
tt6146586	2.39:1
tt6155172	2.20:1; 2.39:1
tt6166392	2.39:1
tt6182908	2.35:1
tt6189022	2.35:1; 2.39:1
tt6208148	2.39:1
tt6217608	2.35:1
tt6246322	2.39:1
tt6263850	2.39:1
tt6266538	2.39:1
tt6294822	1.85:1
tt6320628	1.78:1; 1.90:1; 2.39:1
tt6324278	1.85:1
tt6343314	2.39:1
tt6359956	2.39:1
tt6394270	2.39:1
tt6398184	2.39:1
tt6443346	2.39:1
tt6450186	2.35:1
tt6450804	2.39:1
tt6467266	1.85:1
tt6495056	2.35:1
tt6510332	1.85:1
tt6543652	1.37:1
tt6565702	2.39:1
tt6604188	1.90:1; 2.39:1
tt6644200	2.39:1
tt6673612	1.85:1
tt6710474	1.33:1; 1.85:1; 2.00:1; 2.39:1
tt6718170	1.78:1; 2.20:1; 2.39:1
tt6723592	1.43:1; 1.78:1; 1.90:1; 2.20:1; 2.39:1
tt6742252	2.39:1
tt6751668	2.39:1
tt6781982	2.39:1
tt6791350	1.85:1; 1.90:1; 2.39:1
tt6806448	2.39:1
tt6823368	2.39:1
tt6856242	1.90:1; 2.39:1
tt6857112	2.39:1
tt6857166	2.39:1
tt6911608	2.39:1
tt6920084	2.39:1
tt6924650	2.39:1
tt6932874	2.35:1
tt6966692	2.00:1
tt6977338	2.39:1
tt7054636	
tt7068946	2.39:1
tt7069210	2.39:1
tt7097896	1.85:1
tt7125860	2.00:1
tt7126948	1.78:1; 1.90:1; 2.39:1
tt7131622	1.33:1; 1.85:1; 2.39:1
tt7134096	2.39:1
tt7144666	2.39:1
tt7146812	2.39:1
tt7160372	1.78:1
tt7181546	2.39:1
tt7207238	
tt7282468	2.35:1
tt7286456	1.33:1; 1.55:1; 1.85:1
tt7322224	1.78:1; 2.40:1
tt7349662	1.33:1; 1.85:1; 2.39:1
tt7349950	2.39:1
tt7401588	2.39:1
tt7405458	1.85:1
tt7466442	2.39:1
tt7476236	1.33:1; 1.85:1
tt7504726	2.39:1
tt7504818	2.35:1
tt7510222	1.85:1
tt7510346	2.39:1
tt7545266	2.39:1
tt7547410	1.85:1
tt7599146	2.39:1
tt7653254	1.66:1
tt7657566	2.39:1
tt7664504	1.85:1
tt7689964	1.78:1
tt7713068	2.39:1
tt7740496	1.85:1
tt7772582	1.85:1
tt7798646	2.39:1
tt7888964	2.39:1
tt7959026	2.39:1
tt7967302	1.85:1
tt7975244	2.39:1
tt8004664	2.35:1
tt8041270	1.33:1; 1.78:1; 2.00:1
tt8075192	1.85:1
tt8079248	2.39:1
tt8093700	2.39:1
tt8097030	1.85:1
tt8115900	1.78:1; 2.39:1
tt8244784	2.39:1
tt8291806	1.85:1
tt8332922	2.39:1
tt8350360	1.85:1; 2.39:1
tt8367814	1.85:1; 2.39:1
tt8376234	2.39:1
tt8385148	2.39:1
tt8404256	2.39:1
tt8430054	1.33:1; 2.40:1
tt8430598	1.85:1
tt8521778	2.39:1
tt8544498	2.39:1
tt8579674	1.90:1; 2.39:1
tt8589698	2.39:1
tt8613070	1.85:1
tt8637428	2.35:1
tt8760708	2.39:1
tt8864596	2.39:1
tt8912936	2.39:1
tt8946378	1.85:1
tt9032400	1.43:1; 1.78:1; 1.90:1; 2.39:1
tt9086228	1.55:1; 1.78:1; 2.35:1
tt9114286	1.90:1; 2.39:1
tt9173418	2.39:1
tt9208444	1.85:1
tt9214832	1.85:1
tt9218128	2.39:1
tt9224104	2.39:1
tt9231040	1.37:1
tt9243804	1.85:1
tt9340860	2.39:1
tt9347730	2.39:1
tt9362722	16:9 letterbox format; 2.39:1; 2.55:1
tt9362930	1.90:1; 2.39:1
tt9376612	1.90:1; 2.39:1
tt9411972	2.39:1
tt9419884	1.90:1; 2.39:1
tt9426210	1.78:1
tt9603208	1.90:1; 2.39:1
tt9603212	2.39:1
tt9619824	1.90:1; 2.39:1
tt9620288	2.39:1
tt9620292	2.39:1
tt9663764	1.78:1; 2.39:1
tt9682428	2.39:1
tt9764362	2.39:1
tt9770150	1.90:1; 2.39:1
tt9779516	2.39:1
tt9784798	1.50:1; 2.39:1
tt9844522	2.39:1
