idx	id	imdb	title	year	confirmed_volume
1	hurt.locker_tt0887912	tt0887912	The Hurt Locker	2008	1
2	mulholland.driv_tt0166924	tt0166924	Mulholland Drive	2001	1
3	baadasssss_tt0367790	tt0367790	Baadasssss!	2003	1
4	bone_tt0068306	tt0068306	Bone	1972	1
5	coffy_tt0069897	tt0069897	Coffy	1973	1
6		tt0056952	The Cool World	1963	1
7	hustle..flow_tt0410097	tt0410097	Hustle & Flow	2005	1
8	killer.of.sheep_tt0076263	tt0076263	Killer of Sheep	1978	1
9		tt0091939	She's Gotta Have It	1986	1
10		tt0102989	Straight Out of Brooklyn	1991	1
11	sweet_tt0067810	tt0067810	Sweet Sweetback's Baadasssss Song	1971	1
12	watermelon.man_tt0066550	tt0066550	Watermelon Man	1970	1
13	american.psycho_tt0144084	tt0144084	American Psycho	2000	1
14	blair_witch_fs	tt0185937	The Blair Witch Project	1999	1
15	carnival.of.sou_tt0055830	tt0055830	Carnival of Souls	1962	1
16	halloween_tt0077651	tt0077651	Halloween	1978	1
17		tt0099763	Henry: Portrait of a Serial Killer	1986	1
18	honeymoon.kille_tt0064437	tt0064437	The Honeymoon Killers	1970	1
19	house.of.1000.c_tt0251736	tt0251736	House of 1000 Corpses	2003	1
20	devils.rejects_tt0395584	tt0395584	The Devil's Rejects	2005	1
21	a.nightmare.on._tt0087800	tt0087800	A Nightmare on Elm Street	1984	1
22	night.of.the.li_tt0063350	tt0063350	Night of the Living Dead	1968	1
23	texas.chain.saw_tt0072271	tt0072271	The Texas Chain Saw Massacre	1974	1
24		tt0092618	Barfly	1987	1
25	blackout_tt0118734	tt0118734	The Blackout	1997	1
26	boogie.nights_tt0118749	tt0118749	Boogie Nights	1997	1
27	drugstore.cowbo_tt0097240	tt0097240	Drugstore Cowboy	1989	1
28	gridlockd_tt0119225	tt0119225	Gridlock'd	1997	1
29	half.nelson_tt0468489	tt0468489	Half Nelson	2006	1
30		tt0067549	The Panic in Needle Park	1971	1
31	requiem.for.a.d_tt0180093	tt0180093	Requiem for a Dream	2000	1
32		tt0062395	The Trip	1967	1
33	a.woman.under.t_tt0072417	tt0072417	A Woman Under the Influence	1974	1
34	big.lebowski_tt0118715	tt0118715	The Big Lebowski	1998	1
35		tt0116378	The Funeral	1996	1
36	killing.of.a.ch_tt0074749	tt0074749	The Killing of a Chinese Bookie	1976	1
37	killing.zoe_tt0110265	tt0110265	Killing Zoe	1993	1
38	limey_tt0165854	tt0165854	The Limey	1999	1
39	man.who.wasnt.t_tt0243133	tt0243133	The Man Who Wasn't There	2001	1
40	mean.streets_tt0070379	tt0070379	Mean Streets	1973	1
41	pulp_fiction	tt0110912	Pulp Fiction	1994	1
42	reservoir.dogs_tt0105236	tt0105236	Reservoir Dogs	1992	1
43	sin.city_tt0401792	tt0401792	Sin City	2005	1
44	capturing.the.f_tt0342172	tt0342172	Capturing the Friedmans	2003	1
45		tt0388888	Dig!	2004	1
46	dogtown.and.zbo_tt0275309	tt0275309	Dogtown and Z-Boys	2001	1
47	fahrenheit.911_tt0361596	tt0361596	Fahrenheit 9/11	2004	1
48	king.of.kong.a._tt0923752	tt0923752	The King of Kong: A Fistful of Quarters	2007	1
49	overnight_tt0390336	tt0390336	Overnight	2003	1
50		tt0181810	Sex: The Annabel Chong Story	1999	1
51	super.size.me_tt0390521	tt0390521	Super Size Me	2004	1
52	tarnation_tt0390538	tt0390538	Tarnation	2003	1
53	thin.blue.line_tt0096257	tt0096257	The Thin Blue Line	1988	1
54		tt0080354	Alligator	1980	1
55		tt0082776	Ms .45	1981	1
56	assault.on.prec_tt0074156	tt0074156	Assault on Precinct 13	1976	1
57		tt0056875	Blood Feast	1963	1
58	driller.killer_tt0079082	tt0079082	The Driller Killer	1979	1
59	god.told.me.to_tt0075930	tt0075930	God Told Me To	1976	1
60	its.alive_tt0071675	tt0071675	It's Alive	1974	1
61	king.of.the.zom_tt0033787	tt0033787	King of the Zombies	1941	1
62	last.house.on.t_tt0068833	tt0068833	The Last House on the Left	1972	1
63	white.zombie_tt0023694	tt0023694	White Zombie	1932	1
64	buffalo.66_tt0118789	tt0118789	Buffalo '66	1998	1
65	flirting.with.d_tt0116324	tt0116324	Flirting with Disaster	1996	1
66	harold.and.maud_tt0067185	tt0067185	Harold and Maude	1971	1
67		tt0219822	Human Nature	2001	1
68	big_fat_greek_wedding_fs	tt0259446	My Big Fat Greek Wedding	2002	1
69	roger.dodger_tt0299117	tt0299117	Roger Dodger	2002	1
70	royal.tenenbaum_tt0265666	tt0265666	The Royal Tenenbaums	2001	1
71	sex.lies.and.vi_tt0098724	tt0098724	Sex, Lies, and Videotape	1989	1
72		tt0111252	Spanking the Monkey	1994	1
73		tt0078481	A Wedding	1978	1
74	adaptation._tt0268126	tt0268126	Adaptation.	2002	1
75	being.john.malk_tt0120601	tt0120601	Being John Malkovich	1999	1
76	choose.me_tt0087054	tt0087054	Choose Me	1984	1
77	eternal.sunshin_tt0338013	tt0338013	Eternal Sunshine of the Spotless Mind	2004	1
78	lost.highway_tt0116922	tt0116922	Lost Highway	1997	1
79	magnolia_tt0175880	tt0175880	Magnolia	1999	1
80	nashville_tt0073440	tt0073440	Nashville	1975	1
81	pi_tt0138704	tt0138704	Pi	1998	1
82		tt0390384	Primer	2004	1
83	short.cuts_tt0108122	tt0108122	Short Cuts	1993	1
84	bottle.rocket_tt0115734	tt0115734	Bottle Rocket	1996	1
85	broken.flowers_tt0412019	tt0412019	Broken Flowers	2005	1
86	brown.bunny_tt0330099	tt0330099	The Brown Bunny	2003	1
87	darjeeling.limi_tt0838221	tt0838221	The Darjeeling Limited	2007	1
88	easy.rider_tt0064276	tt0064276	Easy Rider	1969	1
89	five.easy.piece_tt0065724	tt0065724	Five Easy Pieces	1970	1
90	sideways_tt0375063	tt0375063	Sideways	2004	1
91		tt0166896	The Straight Story	1999	1
92	stranger.than.p_tt0088184	tt0088184	Stranger Than Paradise	1984	1
93	twolane.blackto_tt0067893	tt0067893	Two-Lane Blacktop	1971	1
94	doom.generation_tt0112887	tt0112887	The Doom Generation	1995	1
95	female.trouble_tt0072979	tt0072979	Female Trouble	1974	1
96	mala.noche_tt0089537	tt0089537	Mala Noche	1986	1
97		tt0064683	Mondo Trasho	1969	1
98	multiple.maniac_tt0067454	tt0067454	Multiple Maniacs	1970	1
99	nowhere_tt0119809	tt0119809	Nowhere	1997	1
100	pink.flamingos_tt0069089	tt0069089	Pink Flamingos	1972	1
101	poison_tt0102687	tt0102687	Poison	1991	1
102		tt0367027	Shortbus	2006	1
103		tt0127302	The Sticky Fingers of Time	1997	1
104	affliction_tt0118564	tt0118564	Affliction	1997	1
105	all.the.real.gi_tt0299458	tt0299458	All the Real Girls	2003	1
106		tt0118632	The Apostle	1997	1
107	badlands_tt0069762	tt0069762	Badlands	1973	1
108	brave_tt0118768	tt0118768	The Brave	1997	1
109	last.picture.sh_tt0067328	tt0067328	The Last Picture Show	1971	1
110	lone.star_tt0116905	tt0116905	Lone Star	1996	1
111	napoleon.dynami_tt0374900	tt0374900	Napoleon Dynamite	2004	1
112	snow.angels_tt0453548	tt0453548	Snow Angels	2007	1
113	station.agent_tt0340377	tt0340377	The Station Agent	2003	1
114	before.sunrise_tt0112471	tt0112471	Before Sunrise	1995	1
115	before.sunset_tt0381681	tt0381681	Before Sunset	2004	1
116	clerks_tt0109445	tt0109445	Clerks	1994	1
117	dazed.and.confu_tt0106677	tt0106677	Dazed and Confused	1993	1
118	ghost.world_tt0162346	tt0162346	Ghost World	2001	1
119	go_tt0139239	tt0139239	Go	1999	1
120	metropolitan_tt0100142	tt0100142	Metropolitan	1989	1
121	slacker_tt0102943	tt0102943	Slacker	1990	1
122	smithereens_tt0084698	tt0084698	Smithereens	1982	1
123	swingers_tt0117802	tt0117802	Swingers	1996	1
124		tt0243017	Waking Life	2001	1
125		tt0393109	Brick	2005	1
126	happiness_tt0147612	tt0147612	Happiness	1998	1
127		tt0107895	Public Access	1993	1
128	safe_tt0114323	tt0114323	Safe	1995	1
129		tt0098354	Society	1989	1
130	storytelling_tt0250081	tt0250081	Storytelling	2001	1
131	trees.lounge_tt0117958	tt0117958	Trees Lounge	1996	1
132		tt0100842	The Unbelievable Truth	1989	1
133	virgin.suicides_tt0159097	tt0159097	The Virgin Suicides	1999	1
134	welcome.to.the._tt0114906	tt0114906	Welcome to the Dollhouse	1995	1
135		tt0061465	Chelsea Girls	1966	1
136		tt0062864	David Holzman's Diary	1967	1
137		tt0054880	Flaming Creatures	1963	1
138		tt0062979	Flesh	1968	1
139		tt0068688	Heat	1972	1
140		tt0125211	I Woke Up Early the Day I Died	1998	1
141	medium.cool_tt0064652	tt0064652	Medium Cool	1969	1
142		tt0052100	Pull My Daisy	1959	1
143		tt0117561	Schizopolis	1996	1
144		tt0053270	Shadows	1958	1
145	25th.hour_tt0307901	tt0307901	25th Hour	2002	2
146	addiction_tt0112288	tt0112288	The Addiction	1995	2
147	adventureland_tt1091722	tt1091722	Adventureland	2009	2
148	after.hours_tt0088680	tt0088680	After Hours	1985	2
149		tt0118586	All Over Me	1997	2
150		tt0181288	American Movie	1999	2
151	barton.fink_tt0101410	tt0101410	Barton Fink	1991	2
152	beautiful.loser_tt0430916	tt0430916	Beautiful Losers	2008	2
153	before.the.devi_tt0292963	tt0292963	Before the Devil Knows You're Dead	2007	2
154		tt0247199	The Believer	2001	2
155		tt0080437	The Big Red One	1980	2
156	billy.jack_tt0066832	tt0066832	Billy Jack	1971	2
157	blood.simple_tt0086979	tt0086979	Blood Simple	1984	2
158	blue.velvet_tt0090756	tt0090756	Blue Velvet	1986	2
159	boondock.saints_tt0144117	tt0144117	The Boondock Saints	1999	2
160	born.in.flames_tt0085267	tt0085267	Born in Flames	1983	2
161	bound_tt0115736	tt0115736	Bound	1996	2
162	boys.dont.cry_tt0171804	tt0171804	Boys Don't Cry	1999	2
163	brother.from.an_tt0087004	tt0087004	The Brother from Another Planet	1984	2
164	bubble_tt0454792	tt0454792	Bubble	2005	2
165	but.im.a.cheerl_tt0179116	tt0179116	But I'm a Cheerleader	1999	2
166	capitalism.a.lo_tt1232207	tt1232207	Capitalism: A Love Story	2009	2
167	che.part.one_tt0892255	tt0892255	Che: Part One	2008	2
168	che.part.two_tt0374569	tt0374569	Che: Part Two	2008	2
169	class.of.1984_tt0083739	tt0083739	Class of 1984	1982	2
170	confessions.of._tt0270288	tt0270288	Confessions of a Dangerous Mind	2002	2
171	cove_tt1313104	tt1313104	The Cove	2009	2
172	crash_tt0375679	tt0375679	Crash	2004	2
173		tt0069895	The Crazies	1973	2
174	crow	tt0109506	The Crow	1994	2
175	crumb_tt0109508	tt0109508	Crumb	1994	2
176		tt0116594	I Shot Andy Warhol	1996	2
177	dead.presidents_tt0112819	tt0112819	Dead Presidents	1995	2
178	death.race.2000_tt0072856	tt0072856	Death Race 2000	1975	2
179		tt0250323	The Deep End	2001	2
180		tt0075936	Desperate Living	1977	2
181	desperately.see_tt0089017	tt0089017	Desperately Seeking Susan	1985	2
182	donnie.darko_tt0246578	tt0246578	Donnie Darko	2001	2
183	down.in.the.val_tt0398027	tt0398027	Down in the Valley	2005	2
184	drive_tt0780504	tt0780504	Drive	2011	2
185		tt0363589	Elephant	2003	2
186	ellie.parker_tt0436262	tt0436262	Ellie Parker	2005	2
187	evil.dead_tt0083907	tt0083907	The Evil Dead	1981	2
188		tt0080707	The Exterminator	1980	2
189	faces_tt0062952	tt0062952	Faces	1968	2
190	fargo_tt0116282	tt0116282	Fargo	1996	2
191		tt0059170	Faster, Pussycat! Kill! Kill!	1965	2
192	fog_tt0080749	tt0080749	The Fog	1980	2
193	frozen.river_tt0978759	tt0978759	Frozen River	2008	2
194	girlfriend.expe_tt1103982	tt1103982	The Girlfriend Experience	2009	2
195	gods.and.monste_tt0120684	tt0120684	Gods and Monsters	1998	2
196		tt0109913	Go Fish	1994	2
197		tt1220213	Grace	2009	2
198	grace.is.gone_tt0772168	tt0772168	Grace Is Gone	2007	2
199	grace.of.my.hea_tt0116442	tt0116442	Grace of My Heart	1996	2
200	grifters_tt0099703	tt0099703	The Grifters	1990	2
201	gummo_tt0119237	tt0119237	Gummo	1997	2
202	hard.candy_tt0424136	tt0424136	Hard Candy	2005	2
203		tt0119256	Hard Eight	1996	2
204	heathers_tt0097493	tt0097493	Heathers	1988	2
205		tt0113280	Heavy	1995	2
206	hills.have.eyes_tt0077681	tt0077681	The Hills Have Eyes	1977	2
207	hi.mom_tt0065836	tt0065836	Hi, Mom!	1970	2
208	hollywoodland_tt0427969	tt0427969	Hollywoodland	2006	2
209	hollywood.shuff_tt0093200	tt0093200	Hollywood Shuffle	1987	2
210	homicide_tt0102048	tt0102048	Homicide	1991	2
211	hoop.dreams_tt0110057	tt0110057	Hoop Dreams	1994	2
212	house.of.games_tt0093223	tt0093223	House of Games	1987	2
213	howling_tt0082533	tt0082533	The Howling	1981	2
214		tt0067229	I Drink Your Blood	1971	2
215	i.love.you.phil_tt1045772	tt1045772	I Love You Phillip Morris	2009	2
216	im.not.there_tt0368794	tt0368794	I'm Not There	2007	2
217	indian.runner_tt0102116	tt0102116	The Indian Runner	1991	2
218	inglourious_basterds	tt0361748	Inglourious Basterds	2009	2
219	inland.empire_tt0460829	tt0460829	Inland Empire	2006	2
220	into.the.wild_tt0758758	tt0758758	Into the Wild	2007	2
221	ivans.xtc._tt0238321	tt0238321	Ivans xtc.	2000	2
222	jeffrey_tt0113464	tt0113464	Jeffrey	1995	2
223		tt0192194	Julien Donkey-Boy	1999	2
224	junebug_tt0418773	tt0418773	Junebug	2005	2
225	kids_tt0113540	tt0113540	Kids	1995	2
226	last.days.of.di_tt0120728	tt0120728	The Last Days of Disco	1998	2
227	last.seduction_tt0110308	tt0110308	The Last Seduction	1994	2
228		tt0104693	Laws of Gravity	1992	2
229	l.i.e._tt0242587	tt0242587	L.I.E.	2001	2
230		tt0164085	Limbo	1999	2
231		tt1135092	The Limits of Control	2009	2
232	living.in.obliv_tt0113677	tt0113677	Living in Oblivion	1995	2
233	lonesome.jim_tt0385056	tt0385056	Lonesome Jim	2005	2
234	lookout_tt0427470	tt0427470	The Lookout	2007	2
235	lord.of.war_tt0399295	tt0399295	Lord of War	2005	2
236		tt0125879	Lulu on the Bridge	1998	2
237	mallrats_tt0113749	tt0113749	Mallrats	1995	2
238	maniac_tt0081114	tt0081114	Maniac	1980	2
239		tt0425236	Mary	2005	2
240	memento_tt0209144	tt0209144	Memento	2000	2
241	messenger_tt0790712	tt0790712	The Messenger	2009	2
242	monsters.ball_tt0285742	tt0285742	Monster's Ball	2001	2
243	mother.night_tt0117093	tt0117093	Mother Night	1996	2
244	murderball_tt0436613	tt0436613	Murderball	2005	2
245		tt0062016	My Hustler	1965	2
246	my.own.private._tt0102494	tt0102494	My Own Private Idaho	1991	2
247		tt0370986	Mysterious Skin	2004	2
248		tt0110620	Nadja	1994	2
249	new.age_tt0110649	tt0110649	The New Age	1994	2
250	new.york.i.love_tt0808399	tt0808399	New York, I Love You	2008	2
251		tt0809931	Noise	2007	2
252	northfork_tt0322659	tt0322659	Northfork	2003	2
253	notorious.betti_tt0404802	tt0404802	The Notorious Bettie Page	2005	2
254		tt0203408	The Omega Code	1999	2
255	megiddo.the.ome_tt0263728	tt0263728	Megiddo: The Omega Code 2	2001	2
256	one.false.move_tt0102592	tt0102592	One False Move	1991	2
257	outfoxed.rupert_tt0418038	tt0418038	Outfoxed: Rupert Murdoch's War on Journalism	2004	2
258	paranoid.park_tt0842929	tt0842929	Paranoid Park	2007	2
259	paranormal.acti_tt1179904	tt1179904	Paranormal Activity	2007	2
260	passion_of_the_christ	tt0335345	The Passion of the Christ	2004	2
261	player_tt0105151	tt0105151	The Player	1992	2
262	pump.up.the.vol_tt0100436	tt0100436	Pump Up the Volume	1990	2
263	q.the.winged.se_tt0084556	tt0084556	Q: The Winged Serpent	1982	2
264		tt0102757	The Rapture	1991	2
265	redacted_tt0937237	tt0937237	Redacted	2007	2
266		tt0462504	Rescue Dawn	2006	2
267	riding.giants_tt0389326	tt0389326	Riding Giants	2004	2
268	rushmore_tt0128445	tt0128445	Rushmore	1998	2
269	shadow.of.the.v_tt0189998	tt0189998	Shadow of the Vampire	2000	2
270		tt0117666	Sling Blade	1996	2
271	standard.operat_tt0896866	tt0896866	Standard Operating Procedure	2008	2
272	state.and.main_tt0120202	tt0120202	State and Main	2000	2
273		tt0090069	Static	1985	2
274	strange.culture_tt0924151	tt0924151	Strange Culture	2007	2
275		tt0090094	The Stuff	1985	2
276	stunt.man_tt0081568	tt0081568	The Stunt Man	1980	2
277	summer.of.sam_tt0162677	tt0162677	Summer of Sam	1999	2
278		tt0073768	Supervixens	1975	2
279	swimming.with.s_tt0114594	tt0114594	Swimming with Sharks	1994	2
280		tt0073778	Switchblade Sisters	1975	2
281		tt0105508	Swoon	1992	2
282	thirteen_tt0328538	tt0328538	Thirteen	2003	2
283	this.film.is.no_tt0493459	tt0493459	This Film Is Not Yet Rated	2006	2
284	three.burials.o_tt0419294	tt0419294	The Three Burials of Melquiades Estrada	2005	2
285	thumbsucker_tt0318761	tt0318761	Thumbsucker	2005	2
286	toxic.avenger_tt0090190	tt0090190	The Toxic Avenger	1984	2
287	trancers_tt0090192	tt0090192	Trancers	1984	2
288	two.thousand.ma_tt0058694	tt0058694	Two Thousand Maniacs!	1964	2
289	wackness_tt1082886	tt1082886	The Wackness	2008	2
290	undertow_tt0360130	tt0360130	Undertow	2004	2
291	usual.suspects_tt0114814	tt0114814	The Usual Suspects	1995	2
292	vamp_tt0092147	tt0092147	Vamp	1986	2
293		tt0084867	Vigilante	1982	2
294	wendy.and.lucy_tt1152850	tt1152850	Wendy and Lucy	2008	2
295	we.own.the.nigh_tt0498399	tt0498399	We Own the Night	2007	2
296		tt0118147	When We Were Kings	1996	2
297	whos.that.knock_tt0063803	tt0063803	Who's That Knocking at My Door	1967	2
298		tt0061189	The Wild Angels	1966	2
299	winters.bone_tt1399683	tt1399683	Winter's Bone	2010	2
300	wise.blood_tt0080140	tt0080140	Wise Blood	1979	2